; Generated by Kiri:Moto 3.3.1
; Wed Jun 24 2026 12:52:27 GMT-0400 (Eastern Daylight Time)
; Bed left:0 right:220 top:220 bottom:0
; Bed type: fixed
; Target: Flashforge.Adventurer.5X
; --- process ---
; processName = Standard PLA Multi-Color
; sliceHeight = 0.2
; sliceShells = 3
; sliceShellOrder = out-in
; sliceLayerStart = last
; sliceFillAngle = 45
; sliceFillOverlap = 0.4
; sliceFillSparse = 0.15
; sliceFillType = linear
; sliceSupportDensity = 0.2
; sliceSupportOffset = 0.4
; sliceSupportGap = 1
; sliceSupportSize = 5
; sliceSupportArea = 0.25
; sliceSupportExtra = 0
; sliceSupportAngle = 60
; sliceSupportNozzle = 0
; sliceBottomLayers = 3
; sliceTopLayers = 3
; firstLayerRate = 20
; outputTemp = 220
; outputBedTemp = 55
; outputFanSpeed = 255
; outputFeedrate = 120
; outputFinishrate = 70
; outputSeekrate = 200
; outputShellMult = 1
; outputFillMult = 1
; outputSparseMult = 1
; outputRetractDist = 1
; outputRetractSpeed = 30
; outputRetractWipe = 0
; outputRetractDwell = 5
; outputMinSpeed = 1
; outputCoastDist = 0
; zHopDistance = 0.4
; firstSliceHeight = 0.25
; firstLayerNozzleTemp = 220
; firstLayerBedTemp = 55
; outputBrimCount = 3
; outputBrimOffset = 2
; outputPurgeTower = 200
; outputInvertX = false
; outputInvertY = false
; ranges = []
; outputOriginCenter = false
; beltAnchor = 
; --- startup ---
; HEADER_BLOCK_START
; FlashForge Adventurer 5X - single nozzle, 4-color filament station (CFS)
; total layer number: 24
; max_z_height: 220
; filaments in use (tool count): 2
; NOTE: color changes rely on Kiri purge block + load/unload macros;
;       this is NOT OrcaSlicer's wipe tower. Validate purge volume on machine.
; HEADER_BLOCK_END
; EXECUTABLE_BLOCK_START
M73 P0 R5
M106 S0
M106 P2 S0
;TYPE:Custom
M190 S55
M104 S220
G90
M83
G1 Z2 F6000
G1 X50 Y220 Z0.25 F4800
G1 X70 E3 F900
G1 X200 E10 F1800
G0 Y219.6
G1 X130 E5 F1800
G92 E0
G90
G21
M83 ; use relative distances for extrusion
SET_PRESSURE_ADVANCE ADVANCE=0.025
T0
M106 S0
M106 P2 S0
G1 E-1.0000 F1800 ; e-retract 1
;LAYER_CHANGE 0 of 24
SET_VELOCITY_LIMIT ACCEL=500
M106 S0
G1 Z0.2550 F12000
; feature brim
G1 X130.7000 Y98.8000
G1 E1.0000 F1800 ; e-engage 1
G4 P5
G1 X89.3000 E1.3518 F1200
G1 Y121.2000 E0.7314
G1 X130.7000 E1.3518
G1 Y98.8000 E0.7314
G1 X131.1000 Y98.4000 F12000
G1 X88.9000 E1.3780 F1200
G1 Y121.6000 E0.7576
G1 X131.1000 E1.3780
G1 Y98.4000 E0.7576
G1 X131.5000 Y98.0000 F12000
G1 X88.5000 E1.4041 F1200
G1 Y122.0000 E0.7837
G1 X131.5000 E1.4041
G1 Y98.0000 E0.7837
G1 E-1.0000 F1800 ; e-retract 1
G1 Z0.6550 F12000 ; z-hop start
; feature purge tower
G1 X103.1289 Y136.9421
G1 Z0.2550 ; z-hop end
G1 E1.0000 F1800 ; e-engage 1
G4 P5
G1 X117.2711 E0.4618 F1200
G1 Y122.8000 E0.4618
G1 X103.1289 E0.4618
G1 Y136.9421 E0.4618
G1 X103.3289 Y136.4108 F12000
G1 X103.6603 Y136.7421 E0.0153 F1200
G1 X104.2260 E0.0185
G1 X103.3289 Y135.8451 E0.0414
G1 Y135.2794 E0.0185
G1 X104.7917 Y136.7421 E0.0675
G1 X105.3574 E0.0185
G1 X103.3289 Y134.7137 E0.0937
G1 Y134.1480 E0.0185
G1 X105.9230 Y136.7421 E0.1198
G1 X106.4887 E0.0185
G1 X103.3289 Y133.5823 E0.1459
G1 Y133.0166 E0.0185
G1 X107.0544 Y136.7421 E0.1720
G1 X107.6201 E0.0185
G1 X103.3289 Y132.4510 E0.1982
G1 Y131.8853 E0.0185
G1 X108.1858 Y136.7421 E0.2243
G1 X108.7515 E0.0185
G1 X103.3289 Y131.3196 E0.2504
G1 Y130.7539 E0.0185
G1 X109.3172 Y136.7421 E0.2765
G1 X109.8828 E0.0185
G1 X103.3289 Y130.1882 E0.3026
G1 Y129.6225 E0.0185
G1 X110.4485 Y136.7421 E0.3288
G1 X111.0142 E0.0185
G1 X103.3289 Y129.0568 E0.3549
G1 Y128.4912 E0.0185
G1 X111.5799 Y136.7421 E0.3810
G1 X112.1456 E0.0185
G1 X103.3289 Y127.9255 E0.4071
G1 Y127.3598 E0.0185
G1 X112.7113 Y136.7421 E0.4333
G1 X113.2770 E0.0185
G1 X103.3289 Y126.7941 E0.4594
G1 Y126.2284 E0.0185
G1 X113.8426 Y136.7421 E0.4855
G1 X114.4083 E0.0185
G1 X103.3289 Y125.6627 E0.5116
G1 Y125.0971 E0.0185
G1 X114.9740 Y136.7421 E0.5378
G1 X115.5397 E0.0185
G1 X103.3289 Y124.5314 E0.5639
G1 Y123.9657 E0.0185
G1 X116.1054 Y136.7421 E0.5900
G1 X116.6711 E0.0185
G1 X103.3289 Y123.4000 E0.6161
G1 X103.4946 Y123.0000 E0.0141
G1 X117.0711 Y136.5764 E0.6269
G1 Y136.0108 E0.0185
G1 X104.0603 Y123.0000 E0.6008
G1 X104.6260 E0.0185
G1 X117.0711 Y135.4451 E0.5747
G1 Y134.8794 E0.0185
G1 X105.1917 Y123.0000 E0.5486
G1 X105.7574 E0.0185
G1 X117.0711 Y134.3137 E0.5224
G1 Y133.7480 E0.0185
G1 X106.3230 Y123.0000 E0.4963
G1 X106.8887 E0.0185
G1 X117.0711 Y133.1823 E0.4702
G1 Y132.6166 E0.0185
G1 X107.4544 Y123.0000 E0.4441
G1 X108.0201 E0.0185
G1 X117.0711 Y132.0510 E0.4180
G1 Y131.4853 E0.0185
G1 X108.5858 Y123.0000 E0.3918
G1 X109.1515 E0.0185
G1 X117.0711 Y130.9196 E0.3657
G1 Y130.3539 E0.0185
G1 X109.7172 Y123.0000 E0.3396
G1 X110.2828 E0.0185
G1 X117.0711 Y129.7882 E0.3135
G1 Y129.2225 E0.0185
G1 X110.8485 Y123.0000 E0.2873
G1 X111.4142 E0.0185
G1 X117.0711 Y128.6568 E0.2612
G1 Y128.0912 E0.0185
G1 X111.9799 Y123.0000 E0.2351
G1 X112.5456 E0.0185
G1 X117.0711 Y127.5255 E0.2090
G1 Y126.9598 E0.0185
G1 X113.1113 Y123.0000 E0.1829
G1 X113.6770 E0.0185
G1 X117.0711 Y126.3941 E0.1567
G1 Y125.8284 E0.0185
G1 X114.2426 Y123.0000 E0.1306
G1 X114.8083 E0.0185
G1 X117.0711 Y125.2627 E0.1045
G1 Y124.6971 E0.0185
G1 X115.3740 Y123.0000 E0.0784
G1 X115.9397 E0.0185
G1 X117.0711 Y124.1314 E0.0522
G1 Y123.5657 E0.0185
G1 X116.5054 Y123.0000 E0.0261
G1 E-1.0000 F1800 ; e-retract 1
G1 Z0.6550 F12000 ; z-hop start
G1 X103.1289 Y136.9421
G1 X117.2711
G1 Y122.8000
G1 X103.1289
G1 Y136.9421
; feature shells
G1 X110.7000 Y118.8000
G1 X128.3000
G1 Y101.2000
G1 X110.7000
G1 Y118.8000
G1 X111.1000 Y118.4000
G1 X127.9000
G1 Y101.6000
G1 X111.1000
G1 Y118.4000
G1 X111.5000 Y118.0000
G1 X127.5000
G1 Y102.0000
G1 X111.5000
G1 Y118.0000
; feature solid fill
G1 X127.2600 Y102.8057
G1 X126.6943 Y102.2400
G1 X126.1286
G1 X127.2600 Y103.3714
G1 Y103.9371
G1 X125.5629 Y102.2400
G1 X124.9973
G1 X127.2600 Y104.5027
G1 Y105.0684
G1 X124.4316 Y102.2400
G1 X123.8659
G1 X127.2600 Y105.6341
G1 Y106.1998
G1 X123.3002 Y102.2400
G1 X122.7345
G1 X127.2600 Y106.7655
G1 Y107.3312
G1 X122.1688 Y102.2400
G1 X121.6031
G1 X127.2600 Y107.8969
G1 Y108.4625
G1 X121.0375 Y102.2400
G1 X120.4718
G1 X127.2600 Y109.0282
G1 Y109.5939
G1 X119.9061 Y102.2400
G1 X119.3404
G1 X127.2600 Y110.1596
G1 Y110.7253
G1 X118.7747 Y102.2400
G1 X118.2090
G1 X127.2600 Y111.2910
G1 Y111.8567
G1 X117.6433 Y102.2400
G1 X117.0777
G1 X127.2600 Y112.4223
G1 Y112.9880
G1 X116.5120 Y102.2400
G1 X115.9463
G1 X127.2600 Y113.5537
G1 Y114.1194
G1 X115.3806 Y102.2400
G1 X114.8149
G1 X127.2600 Y114.6851
G1 Y115.2508
G1 X114.2492 Y102.2400
G1 X113.6835
G1 X127.2600 Y115.8165
G1 Y116.3821
G1 X113.1179 Y102.2400
G1 X112.5522
G1 X127.2600 Y116.9478
G1 Y117.5135
G1 X111.9865 Y102.2400
G1 X111.7400 Y102.5592
G1 X126.9408 Y117.7600
G1 X126.3751
G1 X111.7400 Y103.1249
G1 Y103.6906
G1 X125.8094 Y117.7600
G1 X125.2437
G1 X111.7400 Y104.2562
G1 Y104.8219
G1 X124.6781 Y117.7600
G1 X124.1124
G1 X111.7400 Y105.3876
G1 Y105.9533
G1 X123.5467 Y117.7600
G1 X122.9810
G1 X111.7400 Y106.5190
G1 Y107.0847
G1 X122.4153 Y117.7600
G1 X121.8496
G1 X111.7400 Y107.6504
G1 Y108.2160
G1 X121.2839 Y117.7600
G1 X120.7183
G1 X111.7400 Y108.7817
G1 Y109.3474
G1 X120.1526 Y117.7600
G1 X119.5869
G1 X111.7400 Y109.9131
G1 Y110.4788
G1 X119.0212 Y117.7600
G1 X118.4555
G1 X111.7400 Y111.0445
G1 Y111.6102
G1 X117.8898 Y117.7600
G1 X117.3242
G1 X111.7400 Y112.1758
G1 Y112.7415
G1 X116.7585 Y117.7600
G1 X116.1928
G1 X111.7400 Y113.3072
G1 Y113.8729
G1 X115.6271 Y117.7600
G1 X115.0614
G1 X111.7400 Y114.4386
G1 Y115.0043
G1 X114.4957 Y117.7600
G1 X113.9300
G1 X111.7400 Y115.5700
G1 Y116.1356
G1 X113.3644 Y117.7600
G1 X112.7987
G1 X111.7400 Y116.7013
G1 X111.9865 Y117.5135
; feature shells
; CP TOOLCHANGE UNLOAD
G1 E-5 F2700 ; unload
; CP TOOLCHANGE START -> T1
M104 S220
T1
; filament start gcode
SET_PRESSURE_ADVANCE ADVANCE=0.025
G1 E5 F2700 ; load
G92 E0
G1 X109.3000 Y118.8000
G1 Y101.2000
G1 X91.7000
G1 Y118.8000
G1 X109.3000
G1 X108.9000 Y118.4000
G1 Y101.6000
G1 X92.1000
G1 Y118.4000
G1 X108.9000
G1 X108.5000 Y118.0000
G1 Y102.0000
G1 X92.5000
G1 Y118.0000
G1 X108.5000
; feature solid fill
G1 X108.2600 Y102.8057
G1 X107.6943 Y102.2400
G1 X107.1286
G1 X108.2600 Y103.3714
G1 Y103.9371
G1 X106.5629 Y102.2400
G1 X105.9973
G1 X108.2600 Y104.5027
G1 Y105.0684
G1 X105.4316 Y102.2400
G1 X104.8659
G1 X108.2600 Y105.6341
G1 Y106.1998
G1 X104.3002 Y102.2400
G1 X103.7345
G1 X108.2600 Y106.7655
G1 Y107.3312
G1 X103.1688 Y102.2400
G1 X102.6031
G1 X108.2600 Y107.8969
G1 Y108.4625
G1 X102.0375 Y102.2400
G1 X101.4718
G1 X108.2600 Y109.0282
G1 Y109.5939
G1 X100.9061 Y102.2400
G1 X100.3404
G1 X108.2600 Y110.1596
G1 Y110.7253
G1 X99.7747 Y102.2400
G1 X99.2090
G1 X108.2600 Y111.2910
G1 Y111.8567
G1 X98.6433 Y102.2400
G1 X98.0777
G1 X108.2600 Y112.4223
G1 Y112.9880
G1 X97.5120 Y102.2400
G1 X96.9463
G1 X108.2600 Y113.5537
G1 Y114.1194
G1 X96.3806 Y102.2400
G1 X95.8149
G1 X108.2600 Y114.6851
G1 Y115.2508
G1 X95.2492 Y102.2400
G1 X94.6835
G1 X108.2600 Y115.8165
G1 Y116.3821
G1 X94.1179 Y102.2400
G1 X93.5522
G1 X108.2600 Y116.9478
G1 Y117.5135
G1 X92.9865 Y102.2400
G1 X92.7400 Y102.5592
G1 X107.9408 Y117.7600
G1 X107.3751
G1 X92.7400 Y103.1249
G1 Y103.6906
G1 X106.8094 Y117.7600
G1 X106.2437
G1 X92.7400 Y104.2562
G1 Y104.8219
G1 X105.6781 Y117.7600
G1 X105.1124
G1 X92.7400 Y105.3876
G1 Y105.9533
G1 X104.5467 Y117.7600
G1 X103.9810
G1 X92.7400 Y106.5190
G1 Y107.0847
G1 X103.4153 Y117.7600
G1 X102.8496
G1 X92.7400 Y107.6504
G1 Y108.2160
G1 X102.2839 Y117.7600
G1 X101.7183
G1 X92.7400 Y108.7817
G1 Y109.3474
G1 X101.1526 Y117.7600
G1 X100.5869
G1 X92.7400 Y109.9131
G1 Y110.4788
G1 X100.0212 Y117.7600
G1 X99.4555
G1 X92.7400 Y111.0445
G1 Y111.6102
G1 X98.8898 Y117.7600
G1 X98.3242
G1 X92.7400 Y112.1758
G1 Y112.7415
G1 X97.7585 Y117.7600
G1 X97.1928
G1 X92.7400 Y113.3072
G1 Y113.8729
G1 X96.6271 Y117.7600
G1 X96.0614
G1 X92.7400 Y114.4386
G1 Y115.0043
G1 X95.4957 Y117.7600
G1 X94.9300
G1 X92.7400 Y115.5700
G1 Y116.1356
G1 X94.3644 Y117.7600
G1 X93.7987
G1 X92.7400 Y116.7013
G1 X92.9865 Y117.5135
;LAYER_CHANGE 1 of 24
SET_VELOCITY_LIMIT ACCEL=10000
M106 S255
G1 Z0.4500
; feature shells
G1 X91.7000 Y118.8000
G1 E1.0000 F1800 ; e-engage 1
G4 P5
G1 X109.3000 E0.4598 F4200
G1 Y101.2000 E0.4598
G1 X91.7000 E0.4598
G1 Y118.8000 E0.4598
G1 X92.1000 Y118.4000 F12000
G1 X108.9000 E0.4389 F7200
G1 Y101.6000 E0.4389
G1 X92.1000 E0.4389
G1 Y118.4000 E0.4389
G1 X92.5000 Y118.0000 F12000
G1 X108.5000 E0.4180 F7200
G1 Y102.0000 E0.4180
G1 X92.5000 E0.4180
G1 Y118.0000 E0.4180
G1 E-1.0000 F1800 ; e-retract 1
G1 Z0.8500 F12000 ; z-hop start
; feature solid fill
G1 X93.3057 Y102.2400
G1 Z0.4500 ; z-hop end
G1 E1.0000 F1800 ; e-engage 1
G4 P5
G1 X92.7400 Y102.8057 E0.0209 F7200
G1 Y103.3714 E0.0148
G1 X93.8714 Y102.2400 E0.0418
G1 X94.4371 E0.0148
G1 X92.7400 Y103.9371 E0.0627
G1 Y104.5027 E0.0148
G1 X95.0027 Y102.2400 E0.0836
G1 X95.5684 E0.0148
G1 X92.7400 Y105.0684 E0.1045
G1 Y105.6341 E0.0148
G1 X96.1341 Y102.2400 E0.1254
G1 X96.6998 E0.0148
G1 X92.7400 Y106.1998 E0.1463
G1 Y106.7655 E0.0148
G1 X97.2655 Y102.2400 E0.1672
G1 X97.8312 E0.0148
G1 X92.7400 Y107.3312 E0.1881
G1 Y107.8969 E0.0148
G1 X98.3969 Y102.2400 E0.2090
G1 X98.9625 E0.0148
G1 X92.7400 Y108.4625 E0.2299
G1 Y109.0282 E0.0148
G1 X99.5282 Y102.2400 E0.2508
G1 X100.0939 E0.0148
G1 X92.7400 Y109.5939 E0.2717
G1 Y110.1596 E0.0148
G1 X100.6596 Y102.2400 E0.2926
G1 X101.2253 E0.0148
G1 X92.7400 Y110.7253 E0.3135
G1 Y111.2910 E0.0148
G1 X101.7910 Y102.2400 E0.3344
G1 X102.3567 E0.0148
G1 X92.7400 Y111.8567 E0.3553
G1 Y112.4223 E0.0148
G1 X102.9223 Y102.2400 E0.3762
G1 X103.4880 E0.0148
G1 X92.7400 Y112.9880 E0.3971
G1 Y113.5537 E0.0148
G1 X104.0537 Y102.2400 E0.4180
G1 X104.6194 E0.0148
G1 X92.7400 Y114.1194 E0.4389
G1 Y114.6851 E0.0148
G1 X105.1851 Y102.2400 E0.4598
G1 X105.7508 E0.0148
G1 X92.7400 Y115.2508 E0.4807
G1 Y115.8165 E0.0148
G1 X106.3165 Y102.2400 E0.5016
G1 X106.8821 E0.0148
G1 X92.7400 Y116.3821 E0.5224
G1 Y116.9478 E0.0148
G1 X107.4478 Y102.2400 E0.5433
G1 X108.0135 E0.0148
G1 X92.7400 Y117.5135 E0.5642
G1 X93.0592 Y117.7600 E0.0105
G1 X108.2600 Y102.5592 E0.5616
G1 Y103.1249 E0.0148
G1 X93.6249 Y117.7600 E0.5407
G1 X94.1906 E0.0148
G1 X108.2600 Y103.6906 E0.5198
G1 Y104.2562 E0.0148
G1 X94.7563 Y117.7600 E0.4989
G1 X95.3219 E0.0148
G1 X108.2600 Y104.8219 E0.4780
G1 Y105.3876 E0.0148
G1 X95.8876 Y117.7600 E0.4571
G1 X96.4533 E0.0148
G1 X108.2600 Y105.9533 E0.4362
G1 Y106.5190 E0.0148
G1 X97.0190 Y117.7600 E0.4153
G1 X97.5847 E0.0148
G1 X108.2600 Y107.0847 E0.3944
G1 Y107.6504 E0.0148
G1 X98.1504 Y117.7600 E0.3735
G1 X98.7161 E0.0148
G1 X108.2600 Y108.2160 E0.3526
G1 Y108.7817 E0.0148
G1 X99.2817 Y117.7600 E0.3317
G1 X99.8474 E0.0148
G1 X108.2600 Y109.3474 E0.3108
G1 Y109.9131 E0.0148
G1 X100.4131 Y117.7600 E0.2899
G1 X100.9788 E0.0148
G1 X108.2600 Y110.4788 E0.2690
G1 Y111.0445 E0.0148
G1 X101.5445 Y117.7600 E0.2481
G1 X102.1102 E0.0148
G1 X108.2600 Y111.6102 E0.2272
G1 Y112.1758 E0.0148
G1 X102.6758 Y117.7600 E0.2063
G1 X103.2415 E0.0148
G1 X108.2600 Y112.7415 E0.1854
G1 Y113.3072 E0.0148
G1 X103.8072 Y117.7600 E0.1645
G1 X104.3729 E0.0148
G1 X108.2600 Y113.8729 E0.1436
G1 Y114.4386 E0.0148
G1 X104.9386 Y117.7600 E0.1227
G1 X105.5043 E0.0148
G1 X108.2600 Y115.0043 E0.1018
G1 Y115.5700 E0.0148
G1 X106.0700 Y117.7600 E0.0809
G1 X106.6356 E0.0148
G1 X108.2600 Y116.1356 E0.0600
G1 Y116.7013 E0.0148
G1 X107.2013 Y117.7600 E0.0391
G1 X108.0135 Y117.5135 E0.0222
G1 E-1.0000 F1800 ; e-retract 1
G1 Z0.8500 F12000 ; z-hop start
; feature purge tower
; CP TOOLCHANGE UNLOAD
G1 E-5 F2700 ; unload
; CP TOOLCHANGE START -> T0
M104 S220
T0
; filament start gcode
SET_PRESSURE_ADVANCE ADVANCE=0.025
G1 E5 F2700 ; load
G92 E0
G1 X103.1289 Y136.9421
G1 Z0.4500 ; z-hop end
G1 E1.0000 F1800 ; e-engage 1
G4 P5
G1 X117.2711 E0.3694 F7200
G1 Y122.8000 E0.3694
G1 X103.1289 E0.3694
G1 Y136.9421 E0.3694
G1 X103.3289 Y136.4108 F12000
G1 X103.6603 Y136.7421 E0.0122 F7200
G1 X104.2260 E0.0148
G1 X103.3289 Y135.8451 E0.0331
G1 Y135.2794 E0.0148
G1 X104.7917 Y136.7421 E0.0540
G1 X105.3574 E0.0148
G1 X103.3289 Y134.7137 E0.0749
G1 Y134.1480 E0.0148
G1 X105.9230 Y136.7421 E0.0958
G1 X106.4887 E0.0148
G1 X103.3289 Y133.5823 E0.1167
G1 Y133.0166 E0.0148
G1 X107.0544 Y136.7421 E0.1376
G1 X107.6201 E0.0148
G1 X103.3289 Y132.4510 E0.1585
G1 Y131.8853 E0.0148
G1 X108.1858 Y136.7421 E0.1794
G1 X108.7515 E0.0148
G1 X103.3289 Y131.3196 E0.2003
G1 Y130.7539 E0.0148
G1 X109.3172 Y136.7421 E0.2212
G1 X109.8828 E0.0148
G1 X103.3289 Y130.1882 E0.2421
G1 Y129.6225 E0.0148
G1 X110.4485 Y136.7421 E0.2630
G1 X111.0142 E0.0148
G1 X103.3289 Y129.0568 E0.2839
G1 Y128.4912 E0.0148
G1 X111.5799 Y136.7421 E0.3048
G1 X112.1456 E0.0148
G1 X103.3289 Y127.9255 E0.3257
G1 Y127.3598 E0.0148
G1 X112.7113 Y136.7421 E0.3466
G1 X113.2770 E0.0148
G1 X103.3289 Y126.7941 E0.3675
G1 Y126.2284 E0.0148
G1 X113.8426 Y136.7421 E0.3884
G1 X114.4083 E0.0148
G1 X103.3289 Y125.6627 E0.4093
G1 Y125.0971 E0.0148
G1 X114.9740 Y136.7421 E0.4302
G1 X115.5397 E0.0148
G1 X103.3289 Y124.5314 E0.4511
G1 Y123.9657 E0.0148
G1 X116.1054 Y136.7421 E0.4720
G1 X116.6711 E0.0148
G1 X103.3289 Y123.4000 E0.4929
G1 X103.4946 Y123.0000 E0.0113
G1 X117.0711 Y136.5764 E0.5016
G1 Y136.0108 E0.0148
G1 X104.0603 Y123.0000 E0.4807
G1 X104.6260 E0.0148
G1 X117.0711 Y135.4451 E0.4598
G1 Y134.8794 E0.0148
G1 X105.1917 Y123.0000 E0.4389
G1 X105.7574 E0.0148
G1 X117.0711 Y134.3137 E0.4180
G1 Y133.7480 E0.0148
G1 X106.3230 Y123.0000 E0.3971
G1 X106.8887 E0.0148
G1 X117.0711 Y133.1823 E0.3762
G1 Y132.6166 E0.0148
G1 X107.4544 Y123.0000 E0.3553
G1 X108.0201 E0.0148
G1 X117.0711 Y132.0510 E0.3344
G1 Y131.4853 E0.0148
G1 X108.5858 Y123.0000 E0.3135
G1 X109.1515 E0.0148
G1 X117.0711 Y130.9196 E0.2926
G1 Y130.3539 E0.0148
G1 X109.7172 Y123.0000 E0.2717
G1 X110.2828 E0.0148
G1 X117.0711 Y129.7882 E0.2508
G1 Y129.2225 E0.0148
G1 X110.8485 Y123.0000 E0.2299
G1 X111.4142 E0.0148
G1 X117.0711 Y128.6568 E0.2090
G1 Y128.0912 E0.0148
G1 X111.9799 Y123.0000 E0.1881
G1 X112.5456 E0.0148
G1 X117.0711 Y127.5255 E0.1672
G1 Y126.9598 E0.0148
G1 X113.1113 Y123.0000 E0.1463
G1 X113.6770 E0.0148
G1 X117.0711 Y126.3941 E0.1254
G1 Y125.8284 E0.0148
G1 X114.2426 Y123.0000 E0.1045
G1 X114.8083 E0.0148
G1 X117.0711 Y125.2627 E0.0836
G1 Y124.6971 E0.0148
G1 X115.3740 Y123.0000 E0.0627
G1 X115.9397 E0.0148
G1 X117.0711 Y124.1314 E0.0418
G1 Y123.5657 E0.0148
G1 X116.5054 Y123.0000 E0.0209
G1 E-1.0000 F1800 ; e-retract 1
G1 Z0.8500 F12000 ; z-hop start
G1 X103.1289 Y136.9421
G1 X117.2711
G1 Y122.8000
G1 X103.1289
G1 Y136.9421
; feature shells
G1 X110.7000 Y118.8000
G1 Z0.4500 ; z-hop end
G1 E1.0000 F1800 ; e-engage 1
G4 P5
G1 X128.3000 E0.4598 F4200
G1 Y101.2000 E0.4598
G1 X110.7000 E0.4598
G1 Y118.8000 E0.4598
G1 X111.1000 Y118.4000 F12000
G1 X127.9000 E0.4389 F7200
G1 Y101.6000 E0.4389
G1 X111.1000 E0.4389
G1 Y118.4000 E0.4389
G1 X111.5000 Y118.0000 F12000
G1 X127.5000 E0.4180 F7200
G1 Y102.0000 E0.4180
G1 X111.5000 E0.4180
G1 Y118.0000 E0.4180
G1 E-1.0000 F1800 ; e-retract 1
G1 Z0.8500 F12000 ; z-hop start
; feature solid fill
G1 X112.3057 Y102.2400
G1 Z0.4500 ; z-hop end
G1 E1.0000 F1800 ; e-engage 1
G4 P5
G1 X111.7400 Y102.8057 E0.0209 F7200
G1 Y103.3714 E0.0148
G1 X112.8714 Y102.2400 E0.0418
G1 X113.4371 E0.0148
G1 X111.7400 Y103.9371 E0.0627
G1 Y104.5027 E0.0148
G1 X114.0027 Y102.2400 E0.0836
G1 X114.5684 E0.0148
G1 X111.7400 Y105.0684 E0.1045
G1 Y105.6341 E0.0148
G1 X115.1341 Y102.2400 E0.1254
G1 X115.6998 E0.0148
G1 X111.7400 Y106.1998 E0.1463
G1 Y106.7655 E0.0148
G1 X116.2655 Y102.2400 E0.1672
G1 X116.8312 E0.0148
G1 X111.7400 Y107.3312 E0.1881
G1 Y107.8969 E0.0148
G1 X117.3969 Y102.2400 E0.2090
G1 X117.9625 E0.0148
G1 X111.7400 Y108.4625 E0.2299
G1 Y109.0282 E0.0148
G1 X118.5282 Y102.2400 E0.2508
G1 X119.0939 E0.0148
G1 X111.7400 Y109.5939 E0.2717
G1 Y110.1596 E0.0148
G1 X119.6596 Y102.2400 E0.2926
G1 X120.2253 E0.0148
G1 X111.7400 Y110.7253 E0.3135
G1 Y111.2910 E0.0148
G1 X120.7910 Y102.2400 E0.3344
G1 X121.3567 E0.0148
G1 X111.7400 Y111.8567 E0.3553
G1 Y112.4223 E0.0148
G1 X121.9223 Y102.2400 E0.3762
G1 X122.4880 E0.0148
G1 X111.7400 Y112.9880 E0.3971
G1 Y113.5537 E0.0148
G1 X123.0537 Y102.2400 E0.4180
G1 X123.6194 E0.0148
G1 X111.7400 Y114.1194 E0.4389
G1 Y114.6851 E0.0148
G1 X124.1851 Y102.2400 E0.4598
G1 X124.7508 E0.0148
G1 X111.7400 Y115.2508 E0.4807
G1 Y115.8165 E0.0148
G1 X125.3165 Y102.2400 E0.5016
G1 X125.8821 E0.0148
G1 X111.7400 Y116.3821 E0.5224
G1 Y116.9478 E0.0148
G1 X126.4478 Y102.2400 E0.5433
G1 X127.0135 E0.0148
G1 X111.7400 Y117.5135 E0.5642
G1 X112.0592 Y117.7600 E0.0105
G1 X127.2600 Y102.5592 E0.5616
G1 Y103.1249 E0.0148
G1 X112.6249 Y117.7600 E0.5407
G1 X113.1906 E0.0148
G1 X127.2600 Y103.6906 E0.5198
G1 Y104.2562 E0.0148
G1 X113.7563 Y117.7600 E0.4989
G1 X114.3219 E0.0148
G1 X127.2600 Y104.8219 E0.4780
G1 Y105.3876 E0.0148
G1 X114.8876 Y117.7600 E0.4571
G1 X115.4533 E0.0148
G1 X127.2600 Y105.9533 E0.4362
G1 Y106.5190 E0.0148
G1 X116.0190 Y117.7600 E0.4153
G1 X116.5847 E0.0148
G1 X127.2600 Y107.0847 E0.3944
G1 Y107.6504 E0.0148
G1 X117.1504 Y117.7600 E0.3735
G1 X117.7161 E0.0148
G1 X127.2600 Y108.2160 E0.3526
G1 Y108.7817 E0.0148
G1 X118.2817 Y117.7600 E0.3317
G1 X118.8474 E0.0148
G1 X127.2600 Y109.3474 E0.3108
G1 Y109.9131 E0.0148
G1 X119.4131 Y117.7600 E0.2899
G1 X119.9788 E0.0148
G1 X127.2600 Y110.4788 E0.2690
G1 Y111.0445 E0.0148
G1 X120.5445 Y117.7600 E0.2481
G1 X121.1102 E0.0148
G1 X127.2600 Y111.6102 E0.2272
G1 Y112.1758 E0.0148
G1 X121.6758 Y117.7600 E0.2063
G1 X122.2415 E0.0148
G1 X127.2600 Y112.7415 E0.1854
G1 Y113.3072 E0.0148
G1 X122.8072 Y117.7600 E0.1645
G1 X123.3729 E0.0148
G1 X127.2600 Y113.8729 E0.1436
G1 Y114.4386 E0.0148
G1 X123.9386 Y117.7600 E0.1227
G1 X124.5043 E0.0148
G1 X127.2600 Y115.0043 E0.1018
G1 Y115.5700 E0.0148
G1 X125.0700 Y117.7600 E0.0809
G1 X125.6356 E0.0148
G1 X127.2600 Y116.1356 E0.0600
G1 Y116.7013 E0.0148
G1 X126.2013 Y117.7600 E0.0391
G1 X127.0135 Y117.5135 E0.0222
G1 E-1.0000 F1800 ; e-retract 1
G1 Z0.8500 F12000 ; z-hop start
;LAYER_CHANGE 2 of 24
SET_VELOCITY_LIMIT ACCEL=10000
G1 Z0.6500
; feature shells
G1 X128.3000 Y118.8000
G1 E1.0000 F1800 ; e-engage 1
G4 P5
G1 Y101.2000 E0.4598 F4200
G1 X110.7000 E0.4598
G1 Y118.8000 E0.4598
G1 X128.3000 E0.4598
G1 X127.9000 Y118.4000 F12000
G1 Y101.6000 E0.4389 F7200
G1 X111.1000 E0.4389
G1 Y118.4000 E0.4389
G1 X127.9000 E0.4389
G1 X127.5000 Y118.0000 F12000
G1 Y102.0000 E0.4180 F7200
G1 X111.5000 E0.4180
G1 Y118.0000 E0.4180
G1 X127.5000 E0.4180
G1 E-1.0000 F1800 ; e-retract 1
G1 Z1.0500 F12000 ; z-hop start
; feature solid fill
G1 X127.2600 Y102.8057
G1 Z0.6500 ; z-hop end
G1 E1.0000 F1800 ; e-engage 1
G4 P5
G1 X126.6943 Y102.2400 E0.0209 F7200
G1 X126.1286 E0.0148
G1 X127.2600 Y103.3714 E0.0418
G1 Y103.9371 E0.0148
G1 X125.5629 Y102.2400 E0.0627
G1 X124.9973 E0.0148
G1 X127.2600 Y104.5027 E0.0836
G1 Y105.0684 E0.0148
G1 X124.4316 Y102.2400 E0.1045
G1 X123.8659 E0.0148
G1 X127.2600 Y105.6341 E0.1254
G1 Y106.1998 E0.0148
G1 X123.3002 Y102.2400 E0.1463
G1 X122.7345 E0.0148
G1 X127.2600 Y106.7655 E0.1672
G1 Y107.3312 E0.0148
G1 X122.1688 Y102.2400 E0.1881
G1 X121.6031 E0.0148
G1 X127.2600 Y107.8969 E0.2090
G1 Y108.4625 E0.0148
G1 X121.0375 Y102.2400 E0.2299
G1 X120.4718 E0.0148
G1 X127.2600 Y109.0282 E0.2508
G1 Y109.5939 E0.0148
G1 X119.9061 Y102.2400 E0.2717
G1 X119.3404 E0.0148
G1 X127.2600 Y110.1596 E0.2926
G1 Y110.7253 E0.0148
G1 X118.7747 Y102.2400 E0.3135
G1 X118.2090 E0.0148
G1 X127.2600 Y111.2910 E0.3344
G1 Y111.8567 E0.0148
G1 X117.6433 Y102.2400 E0.3553
G1 X117.0777 E0.0148
G1 X127.2600 Y112.4223 E0.3762
G1 Y112.9880 E0.0148
G1 X116.5120 Y102.2400 E0.3971
G1 X115.9463 E0.0148
G1 X127.2600 Y113.5537 E0.4180
G1 Y114.1194 E0.0148
G1 X115.3806 Y102.2400 E0.4389
G1 X114.8149 E0.0148
G1 X127.2600 Y114.6851 E0.4598
G1 Y115.2508 E0.0148
G1 X114.2492 Y102.2400 E0.4807
G1 X113.6835 E0.0148
G1 X127.2600 Y115.8165 E0.5016
G1 Y116.3821 E0.0148
G1 X113.1179 Y102.2400 E0.5224
G1 X112.5522 E0.0148
G1 X127.2600 Y116.9478 E0.5433
G1 Y117.5135 E0.0148
G1 X111.9865 Y102.2400 E0.5642
G1 X111.7400 Y102.5592 E0.0105
G1 X126.9408 Y117.7600 E0.5616
G1 X126.3751 E0.0148
G1 X111.7400 Y103.1249 E0.5407
G1 Y103.6906 E0.0148
G1 X125.8094 Y117.7600 E0.5198
G1 X125.2437 E0.0148
G1 X111.7400 Y104.2562 E0.4989
G1 Y104.8219 E0.0148
G1 X124.6781 Y117.7600 E0.4780
G1 X124.1124 E0.0148
G1 X111.7400 Y105.3876 E0.4571
G1 Y105.9533 E0.0148
G1 X123.5467 Y117.7600 E0.4362
G1 X122.9810 E0.0148
G1 X111.7400 Y106.5190 E0.4153
G1 Y107.0847 E0.0148
G1 X122.4153 Y117.7600 E0.3944
G1 X121.8496 E0.0148
G1 X111.7400 Y107.6504 E0.3735
G1 Y108.2160 E0.0148
G1 X121.2839 Y117.7600 E0.3526
G1 X120.7183 E0.0148
G1 X111.7400 Y108.7817 E0.3317
G1 Y109.3474 E0.0148
G1 X120.1526 Y117.7600 E0.3108
G1 X119.5869 E0.0148
G1 X111.7400 Y109.9131 E0.2899
G1 Y110.4788 E0.0148
G1 X119.0212 Y117.7600 E0.2690
G1 X118.4555 E0.0148
G1 X111.7400 Y111.0445 E0.2481
G1 Y111.6102 E0.0148
G1 X117.8898 Y117.7600 E0.2272
G1 X117.3242 E0.0148
G1 X111.7400 Y112.1758 E0.2063
G1 Y112.7415 E0.0148
G1 X116.7585 Y117.7600 E0.1854
G1 X116.1928 E0.0148
G1 X111.7400 Y113.3072 E0.1645
G1 Y113.8729 E0.0148
G1 X115.6271 Y117.7600 E0.1436
G1 X115.0614 E0.0148
G1 X111.7400 Y114.4386 E0.1227
G1 Y115.0043 E0.0148
G1 X114.4957 Y117.7600 E0.1018
G1 X113.9300 E0.0148
G1 X111.7400 Y115.5700 E0.0809
G1 Y116.1356 E0.0148
G1 X113.3644 Y117.7600 E0.0600
G1 X112.7987 E0.0148
G1 X111.7400 Y116.7013 E0.0391
G1 X111.9865 Y117.5135 E0.0222
G1 E-1.0000 F1800 ; e-retract 1
G1 Z1.0500 F12000 ; z-hop start
; feature purge tower
; CP TOOLCHANGE UNLOAD
G1 E-5 F2700 ; unload
; CP TOOLCHANGE START -> T1
M104 S220
T1
; filament start gcode
SET_PRESSURE_ADVANCE ADVANCE=0.025
G1 E5 F2700 ; load
G92 E0
G1 X103.1289 Y136.9421
G1 Z0.6500 ; z-hop end
G1 E1.0000 F1800 ; e-engage 1
G4 P5
G1 X117.2711 E0.3694 F7200
G1 Y122.8000 E0.3694
G1 X103.1289 E0.3694
G1 Y136.9421 E0.3694
G1 X103.3289 Y136.4108 F12000
G1 X103.6603 Y136.7421 E0.0122 F7200
G1 X104.2260 E0.0148
G1 X103.3289 Y135.8451 E0.0331
G1 Y135.2794 E0.0148
G1 X104.7917 Y136.7421 E0.0540
G1 X105.3574 E0.0148
G1 X103.3289 Y134.7137 E0.0749
G1 Y134.1480 E0.0148
G1 X105.9230 Y136.7421 E0.0958
G1 X106.4887 E0.0148
G1 X103.3289 Y133.5823 E0.1167
G1 Y133.0166 E0.0148
G1 X107.0544 Y136.7421 E0.1376
G1 X107.6201 E0.0148
G1 X103.3289 Y132.4510 E0.1585
G1 Y131.8853 E0.0148
G1 X108.1858 Y136.7421 E0.1794
G1 X108.7515 E0.0148
G1 X103.3289 Y131.3196 E0.2003
G1 Y130.7539 E0.0148
G1 X109.3172 Y136.7421 E0.2212
G1 X109.8828 E0.0148
G1 X103.3289 Y130.1882 E0.2421
G1 Y129.6225 E0.0148
G1 X110.4485 Y136.7421 E0.2630
G1 X111.0142 E0.0148
G1 X103.3289 Y129.0568 E0.2839
G1 Y128.4912 E0.0148
G1 X111.5799 Y136.7421 E0.3048
G1 X112.1456 E0.0148
G1 X103.3289 Y127.9255 E0.3257
G1 Y127.3598 E0.0148
G1 X112.7113 Y136.7421 E0.3466
G1 X113.2770 E0.0148
G1 X103.3289 Y126.7941 E0.3675
G1 Y126.2284 E0.0148
G1 X113.8426 Y136.7421 E0.3884
G1 X114.4083 E0.0148
G1 X103.3289 Y125.6627 E0.4093
G1 Y125.0971 E0.0148
G1 X114.9740 Y136.7421 E0.4302
G1 X115.5397 E0.0148
G1 X103.3289 Y124.5314 E0.4511
G1 Y123.9657 E0.0148
G1 X116.1054 Y136.7421 E0.4720
G1 X116.6711 E0.0148
G1 X103.3289 Y123.4000 E0.4929
G1 X103.4946 Y123.0000 E0.0113
G1 X117.0711 Y136.5764 E0.5016
G1 Y136.0108 E0.0148
G1 X104.0603 Y123.0000 E0.4807
G1 X104.6260 E0.0148
G1 X117.0711 Y135.4451 E0.4598
G1 Y134.8794 E0.0148
G1 X105.1917 Y123.0000 E0.4389
G1 X105.7574 E0.0148
G1 X117.0711 Y134.3137 E0.4180
G1 Y133.7480 E0.0148
G1 X106.3230 Y123.0000 E0.3971
G1 X106.8887 E0.0148
G1 X117.0711 Y133.1823 E0.3762
G1 Y132.6166 E0.0148
G1 X107.4544 Y123.0000 E0.3553
G1 X108.0201 E0.0148
G1 X117.0711 Y132.0510 E0.3344
G1 Y131.4853 E0.0148
G1 X108.5858 Y123.0000 E0.3135
G1 X109.1515 E0.0148
G1 X117.0711 Y130.9196 E0.2926
G1 Y130.3539 E0.0148
G1 X109.7172 Y123.0000 E0.2717
G1 X110.2828 E0.0148
G1 X117.0711 Y129.7882 E0.2508
G1 Y129.2225 E0.0148
G1 X110.8485 Y123.0000 E0.2299
G1 X111.4142 E0.0148
G1 X117.0711 Y128.6568 E0.2090
G1 Y128.0912 E0.0148
G1 X111.9799 Y123.0000 E0.1881
G1 X112.5456 E0.0148
G1 X117.0711 Y127.5255 E0.1672
G1 Y126.9598 E0.0148
G1 X113.1113 Y123.0000 E0.1463
G1 X113.6770 E0.0148
G1 X117.0711 Y126.3941 E0.1254
G1 Y125.8284 E0.0148
G1 X114.2426 Y123.0000 E0.1045
G1 X114.8083 E0.0148
G1 X117.0711 Y125.2627 E0.0836
G1 Y124.6971 E0.0148
G1 X115.3740 Y123.0000 E0.0627
G1 X115.9397 E0.0148
G1 X117.0711 Y124.1314 E0.0418
G1 Y123.5657 E0.0148
G1 X116.5054 Y123.0000 E0.0209
G1 E-1.0000 F1800 ; e-retract 1
G1 Z1.0500 F12000 ; z-hop start
G1 X103.1289 Y136.9421
G1 X117.2711
G1 Y122.8000
G1 X103.1289
G1 Y136.9421
; feature shells
G1 X109.3000 Y118.8000
G1 Z0.6500 ; z-hop end
G1 E1.0000 F1800 ; e-engage 1
G4 P5
G1 Y101.2000 E0.4598 F4200
G1 X91.7000 E0.4598
G1 Y118.8000 E0.4598
G1 X109.3000 E0.4598
G1 X108.9000 Y118.4000 F12000
G1 Y101.6000 E0.4389 F7200
G1 X92.1000 E0.4389
G1 Y118.4000 E0.4389
G1 X108.9000 E0.4389
G1 X108.5000 Y118.0000 F12000
G1 Y102.0000 E0.4180 F7200
G1 X92.5000 E0.4180
G1 Y118.0000 E0.4180
G1 X108.5000 E0.4180
G1 E-1.0000 F1800 ; e-retract 1
G1 Z1.0500 F12000 ; z-hop start
; feature solid fill
G1 X108.2600 Y102.8057
G1 Z0.6500 ; z-hop end
G1 E1.0000 F1800 ; e-engage 1
G4 P5
G1 X107.6943 Y102.2400 E0.0209 F7200
G1 X107.1286 E0.0148
G1 X108.2600 Y103.3714 E0.0418
G1 Y103.9371 E0.0148
G1 X106.5629 Y102.2400 E0.0627
G1 X105.9973 E0.0148
G1 X108.2600 Y104.5027 E0.0836
G1 Y105.0684 E0.0148
G1 X105.4316 Y102.2400 E0.1045
G1 X104.8659 E0.0148
G1 X108.2600 Y105.6341 E0.1254
G1 Y106.1998 E0.0148
G1 X104.3002 Y102.2400 E0.1463
G1 X103.7345 E0.0148
G1 X108.2600 Y106.7655 E0.1672
G1 Y107.3312 E0.0148
G1 X103.1688 Y102.2400 E0.1881
G1 X102.6031 E0.0148
G1 X108.2600 Y107.8969 E0.2090
G1 Y108.4625 E0.0148
G1 X102.0375 Y102.2400 E0.2299
G1 X101.4718 E0.0148
G1 X108.2600 Y109.0282 E0.2508
G1 Y109.5939 E0.0148
G1 X100.9061 Y102.2400 E0.2717
G1 X100.3404 E0.0148
G1 X108.2600 Y110.1596 E0.2926
G1 Y110.7253 E0.0148
G1 X99.7747 Y102.2400 E0.3135
G1 X99.2090 E0.0148
G1 X108.2600 Y111.2910 E0.3344
G1 Y111.8567 E0.0148
G1 X98.6433 Y102.2400 E0.3553
G1 X98.0777 E0.0148
G1 X108.2600 Y112.4223 E0.3762
G1 Y112.9880 E0.0148
G1 X97.5120 Y102.2400 E0.3971
G1 X96.9463 E0.0148
G1 X108.2600 Y113.5537 E0.4180
G1 Y114.1194 E0.0148
G1 X96.3806 Y102.2400 E0.4389
G1 X95.8149 E0.0148
G1 X108.2600 Y114.6851 E0.4598
G1 Y115.2508 E0.0148
G1 X95.2492 Y102.2400 E0.4807
G1 X94.6835 E0.0148
G1 X108.2600 Y115.8165 E0.5016
G1 Y116.3821 E0.0148
G1 X94.1179 Y102.2400 E0.5224
G1 X93.5522 E0.0148
G1 X108.2600 Y116.9478 E0.5433
G1 Y117.5135 E0.0148
G1 X92.9865 Y102.2400 E0.5642
G1 X92.7400 Y102.5592 E0.0105
G1 X107.9408 Y117.7600 E0.5616
G1 X107.3751 E0.0148
G1 X92.7400 Y103.1249 E0.5407
G1 Y103.6906 E0.0148
G1 X106.8094 Y117.7600 E0.5198
G1 X106.2437 E0.0148
G1 X92.7400 Y104.2562 E0.4989
G1 Y104.8219 E0.0148
G1 X105.6781 Y117.7600 E0.4780
G1 X105.1124 E0.0148
G1 X92.7400 Y105.3876 E0.4571
G1 Y105.9533 E0.0148
G1 X104.5467 Y117.7600 E0.4362
G1 X103.9810 E0.0148
G1 X92.7400 Y106.5190 E0.4153
G1 Y107.0847 E0.0148
G1 X103.4153 Y117.7600 E0.3944
G1 X102.8496 E0.0148
G1 X92.7400 Y107.6504 E0.3735
G1 Y108.2160 E0.0148
G1 X102.2839 Y117.7600 E0.3526
G1 X101.7183 E0.0148
G1 X92.7400 Y108.7817 E0.3317
G1 Y109.3474 E0.0148
G1 X101.1526 Y117.7600 E0.3108
G1 X100.5869 E0.0148
G1 X92.7400 Y109.9131 E0.2899
G1 Y110.4788 E0.0148
G1 X100.0212 Y117.7600 E0.2690
G1 X99.4555 E0.0148
G1 X92.7400 Y111.0445 E0.2481
G1 Y111.6102 E0.0148
G1 X98.8898 Y117.7600 E0.2272
G1 X98.3242 E0.0148
G1 X92.7400 Y112.1758 E0.2063
G1 Y112.7415 E0.0148
G1 X97.7585 Y117.7600 E0.1854
G1 X97.1928 E0.0148
G1 X92.7400 Y113.3072 E0.1645
G1 Y113.8729 E0.0148
G1 X96.6271 Y117.7600 E0.1436
G1 X96.0614 E0.0148
G1 X92.7400 Y114.4386 E0.1227
G1 Y115.0043 E0.0148
G1 X95.4957 Y117.7600 E0.1018
G1 X94.9300 E0.0148
G1 X92.7400 Y115.5700 E0.0809
G1 Y116.1356 E0.0148
G1 X94.3644 Y117.7600 E0.0600
G1 X93.7987 E0.0148
G1 X92.7400 Y116.7013 E0.0391
G1 X92.9865 Y117.5135 E0.0222
G1 E-1.0000 F1800 ; e-retract 1
G1 Z1.0500 F12000 ; z-hop start
;LAYER_CHANGE 3 of 24
SET_VELOCITY_LIMIT ACCEL=10000
G1 Z0.8500
; feature shells
G1 X91.7000 Y118.8000
G1 E1.0000 F1800 ; e-engage 1
G4 P5
G1 X109.3000 E0.4598 F4200
G1 Y101.2000 E0.4598
G1 X91.7000 E0.4598
G1 Y118.8000 E0.4598
G1 X92.1000 Y118.4000 F12000
G1 X108.9000 E0.4389 F7200
G1 Y101.6000 E0.4389
G1 X92.1000 E0.4389
G1 Y118.4000 E0.4389
G1 X92.5000 Y118.0000 F12000
G1 X108.5000 E0.4180 F7200
G1 Y102.0000 E0.4180
G1 X92.5000 E0.4180
G1 Y118.0000 E0.4180
G1 E-1.0000 F1800 ; e-retract 1
G1 Z1.2500 F12000 ; z-hop start
; feature purge tower
; CP TOOLCHANGE UNLOAD
G1 E-5 F2700 ; unload
; CP TOOLCHANGE START -> T0
M104 S220
T0
; filament start gcode
SET_PRESSURE_ADVANCE ADVANCE=0.025
G1 E5 F2700 ; load
G92 E0
G1 X103.1289 Y136.9421
G1 Z0.8500 ; z-hop end
G1 E1.0000 F1800 ; e-engage 1
G4 P5
G1 X117.2711 E0.3694 F7200
G1 Y122.8000 E0.3694
G1 X103.1289 E0.3694
G1 Y136.9421 E0.3694
G1 X103.3289 Y136.4108 F12000
G1 X103.6603 Y136.7421 E0.0122 F7200
G1 X104.2260 E0.0148
G1 X103.3289 Y135.8451 E0.0331
G1 Y135.2794 E0.0148
G1 X104.7917 Y136.7421 E0.0540
G1 X105.3574 E0.0148
G1 X103.3289 Y134.7137 E0.0749
G1 Y134.1480 E0.0148
G1 X105.9230 Y136.7421 E0.0958
G1 X106.4887 E0.0148
G1 X103.3289 Y133.5823 E0.1167
G1 Y133.0166 E0.0148
G1 X107.0544 Y136.7421 E0.1376
G1 X107.6201 E0.0148
G1 X103.3289 Y132.4510 E0.1585
G1 Y131.8853 E0.0148
G1 X108.1858 Y136.7421 E0.1794
G1 X108.7515 E0.0148
G1 X103.3289 Y131.3196 E0.2003
G1 Y130.7539 E0.0148
G1 X109.3172 Y136.7421 E0.2212
G1 X109.8828 E0.0148
G1 X103.3289 Y130.1882 E0.2421
G1 Y129.6225 E0.0148
G1 X110.4485 Y136.7421 E0.2630
G1 X111.0142 E0.0148
G1 X103.3289 Y129.0568 E0.2839
G1 Y128.4912 E0.0148
G1 X111.5799 Y136.7421 E0.3048
G1 X112.1456 E0.0148
G1 X103.3289 Y127.9255 E0.3257
G1 Y127.3598 E0.0148
G1 X112.7113 Y136.7421 E0.3466
G1 X113.2770 E0.0148
G1 X103.3289 Y126.7941 E0.3675
G1 Y126.2284 E0.0148
G1 X113.8426 Y136.7421 E0.3884
G1 X114.4083 E0.0148
G1 X103.3289 Y125.6627 E0.4093
G1 Y125.0971 E0.0148
G1 X114.9740 Y136.7421 E0.4302
G1 X115.5397 E0.0148
G1 X103.3289 Y124.5314 E0.4511
G1 Y123.9657 E0.0148
G1 X116.1054 Y136.7421 E0.4720
G1 X116.6711 E0.0148
G1 X103.3289 Y123.4000 E0.4929
G1 X103.4946 Y123.0000 E0.0113
G1 X117.0711 Y136.5764 E0.5016
G1 Y136.0108 E0.0148
G1 X104.0603 Y123.0000 E0.4807
G1 X104.6260 E0.0148
G1 X117.0711 Y135.4451 E0.4598
G1 Y134.8794 E0.0148
G1 X105.1917 Y123.0000 E0.4389
G1 X105.7574 E0.0148
G1 X117.0711 Y134.3137 E0.4180
G1 Y133.7480 E0.0148
G1 X106.3230 Y123.0000 E0.3971
G1 X106.8887 E0.0148
G1 X117.0711 Y133.1823 E0.3762
G1 Y132.6166 E0.0148
G1 X107.4544 Y123.0000 E0.3553
G1 X108.0201 E0.0148
G1 X117.0711 Y132.0510 E0.3344
G1 Y131.4853 E0.0148
G1 X108.5858 Y123.0000 E0.3135
G1 X109.1515 E0.0148
G1 X117.0711 Y130.9196 E0.2926
G1 Y130.3539 E0.0148
G1 X109.7172 Y123.0000 E0.2717
G1 X110.2828 E0.0148
G1 X117.0711 Y129.7882 E0.2508
G1 Y129.2225 E0.0148
G1 X110.8485 Y123.0000 E0.2299
G1 X111.4142 E0.0148
G1 X117.0711 Y128.6568 E0.2090
G1 Y128.0912 E0.0148
G1 X111.9799 Y123.0000 E0.1881
G1 X112.5456 E0.0148
G1 X117.0711 Y127.5255 E0.1672
G1 Y126.9598 E0.0148
G1 X113.1113 Y123.0000 E0.1463
G1 X113.6770 E0.0148
G1 X117.0711 Y126.3941 E0.1254
G1 Y125.8284 E0.0148
G1 X114.2426 Y123.0000 E0.1045
G1 X114.8083 E0.0148
G1 X117.0711 Y125.2627 E0.0836
G1 Y124.6971 E0.0148
G1 X115.3740 Y123.0000 E0.0627
G1 X115.9397 E0.0148
G1 X117.0711 Y124.1314 E0.0418
G1 Y123.5657 E0.0148
G1 X116.5054 Y123.0000 E0.0209
G1 E-1.0000 F1800 ; e-retract 1
G1 Z1.2500 F12000 ; z-hop start
G1 X103.1289 Y136.9421
G1 X117.2711
G1 Y122.8000
G1 X103.1289
G1 Y136.9421
; feature shells
G1 X110.7000 Y118.8000
G1 Z0.8500 ; z-hop end
G1 E1.0000 F1800 ; e-engage 1
G4 P5
G1 X128.3000 E0.4598 F4200
G1 Y101.2000 E0.4598
G1 X110.7000 E0.4598
G1 Y118.8000 E0.4598
G1 X111.1000 Y118.4000 F12000
G1 X127.9000 E0.4389 F7200
G1 Y101.6000 E0.4389
G1 X111.1000 E0.4389
G1 Y118.4000 E0.4389
G1 X111.5000 Y118.0000 F12000
G1 X127.5000 E0.4180 F7200
G1 Y102.0000 E0.4180
G1 X111.5000 E0.4180
G1 Y118.0000 E0.4180
G1 E-1.0000 F1800 ; e-retract 1
G1 Z1.2500 F12000 ; z-hop start
;LAYER_CHANGE 4 of 24
SET_VELOCITY_LIMIT ACCEL=10000
G1 Z1.0500
; feature shells
G1 X110.7000 Y118.8000
G1 E1.0000 F1800 ; e-engage 1
G4 P5
G1 X128.3000 E0.4598 F4200
G1 Y101.2000 E0.4598
G1 X110.7000 E0.4598
G1 Y118.8000 E0.4598
G1 X111.1000 Y118.4000 F12000
G1 X127.9000 E0.4389 F7200
G1 Y101.6000 E0.4389
G1 X111.1000 E0.4389
G1 Y118.4000 E0.4389
G1 X111.5000 Y118.0000 F12000
G1 X127.5000 E0.4180 F7200
G1 Y102.0000 E0.4180
G1 X111.5000 E0.4180
G1 Y118.0000 E0.4180
G1 E-1.0000 F1800 ; e-retract 1
G1 Z1.4500 F12000 ; z-hop start
; feature purge tower
; CP TOOLCHANGE UNLOAD
G1 E-5 F2700 ; unload
; CP TOOLCHANGE START -> T1
M104 S220
T1
; filament start gcode
SET_PRESSURE_ADVANCE ADVANCE=0.025
G1 E5 F2700 ; load
G92 E0
G1 X103.1289 Y136.9421
G1 Z1.0500 ; z-hop end
G1 E1.0000 F1800 ; e-engage 1
G4 P5
G1 X117.2711 E0.3694 F7200
G1 Y122.8000 E0.3694
G1 X103.1289 E0.3694
G1 Y136.9421 E0.3694
G1 X103.3289 Y136.4108 F12000
G1 X103.6603 Y136.7421 E0.0122 F7200
G1 X104.2260 E0.0148
G1 X103.3289 Y135.8451 E0.0331
G1 Y135.2794 E0.0148
G1 X104.7917 Y136.7421 E0.0540
G1 X105.3574 E0.0148
G1 X103.3289 Y134.7137 E0.0749
G1 Y134.1480 E0.0148
G1 X105.9230 Y136.7421 E0.0958
G1 X106.4887 E0.0148
G1 X103.3289 Y133.5823 E0.1167
G1 Y133.0166 E0.0148
G1 X107.0544 Y136.7421 E0.1376
G1 X107.6201 E0.0148
G1 X103.3289 Y132.4510 E0.1585
G1 Y131.8853 E0.0148
G1 X108.1858 Y136.7421 E0.1794
G1 X108.7515 E0.0148
G1 X103.3289 Y131.3196 E0.2003
G1 Y130.7539 E0.0148
G1 X109.3172 Y136.7421 E0.2212
G1 X109.8828 E0.0148
G1 X103.3289 Y130.1882 E0.2421
G1 Y129.6225 E0.0148
G1 X110.4485 Y136.7421 E0.2630
G1 X111.0142 E0.0148
G1 X103.3289 Y129.0568 E0.2839
G1 Y128.4912 E0.0148
G1 X111.5799 Y136.7421 E0.3048
G1 X112.1456 E0.0148
G1 X103.3289 Y127.9255 E0.3257
G1 Y127.3598 E0.0148
G1 X112.7113 Y136.7421 E0.3466
G1 X113.2770 E0.0148
G1 X103.3289 Y126.7941 E0.3675
G1 Y126.2284 E0.0148
G1 X113.8426 Y136.7421 E0.3884
G1 X114.4083 E0.0148
G1 X103.3289 Y125.6627 E0.4093
G1 Y125.0971 E0.0148
G1 X114.9740 Y136.7421 E0.4302
G1 X115.5397 E0.0148
G1 X103.3289 Y124.5314 E0.4511
G1 Y123.9657 E0.0148
G1 X116.1054 Y136.7421 E0.4720
G1 X116.6711 E0.0148
G1 X103.3289 Y123.4000 E0.4929
G1 X103.4946 Y123.0000 E0.0113
G1 X117.0711 Y136.5764 E0.5016
G1 Y136.0108 E0.0148
G1 X104.0603 Y123.0000 E0.4807
G1 X104.6260 E0.0148
G1 X117.0711 Y135.4451 E0.4598
G1 Y134.8794 E0.0148
G1 X105.1917 Y123.0000 E0.4389
G1 X105.7574 E0.0148
G1 X117.0711 Y134.3137 E0.4180
G1 Y133.7480 E0.0148
G1 X106.3230 Y123.0000 E0.3971
G1 X106.8887 E0.0148
G1 X117.0711 Y133.1823 E0.3762
G1 Y132.6166 E0.0148
G1 X107.4544 Y123.0000 E0.3553
G1 X108.0201 E0.0148
G1 X117.0711 Y132.0510 E0.3344
G1 Y131.4853 E0.0148
G1 X108.5858 Y123.0000 E0.3135
G1 X109.1515 E0.0148
G1 X117.0711 Y130.9196 E0.2926
G1 Y130.3539 E0.0148
G1 X109.7172 Y123.0000 E0.2717
G1 X110.2828 E0.0148
G1 X117.0711 Y129.7882 E0.2508
G1 Y129.2225 E0.0148
G1 X110.8485 Y123.0000 E0.2299
G1 X111.4142 E0.0148
G1 X117.0711 Y128.6568 E0.2090
G1 Y128.0912 E0.0148
G1 X111.9799 Y123.0000 E0.1881
G1 X112.5456 E0.0148
G1 X117.0711 Y127.5255 E0.1672
G1 Y126.9598 E0.0148
G1 X113.1113 Y123.0000 E0.1463
G1 X113.6770 E0.0148
G1 X117.0711 Y126.3941 E0.1254
G1 Y125.8284 E0.0148
G1 X114.2426 Y123.0000 E0.1045
G1 X114.8083 E0.0148
G1 X117.0711 Y125.2627 E0.0836
G1 Y124.6971 E0.0148
G1 X115.3740 Y123.0000 E0.0627
G1 X115.9397 E0.0148
G1 X117.0711 Y124.1314 E0.0418
G1 Y123.5657 E0.0148
G1 X116.5054 Y123.0000 E0.0209
G1 E-1.0000 F1800 ; e-retract 1
G1 Z1.4500 F12000 ; z-hop start
G1 X103.1289 Y136.9421
G1 X117.2711
G1 Y122.8000
G1 X103.1289
G1 Y136.9421
; feature shells
G1 X109.3000 Y118.8000
G1 Z1.0500 ; z-hop end
G1 E1.0000 F1800 ; e-engage 1
G4 P5
G1 Y101.2000 E0.4598 F4200
G1 X91.7000 E0.4598
G1 Y118.8000 E0.4598
G1 X109.3000 E0.4598
G1 X108.9000 Y118.4000 F12000
G1 Y101.6000 E0.4389 F7200
G1 X92.1000 E0.4389
G1 Y118.4000 E0.4389
G1 X108.9000 E0.4389
G1 X108.5000 Y118.0000 F12000
G1 Y102.0000 E0.4180 F7200
G1 X92.5000 E0.4180
G1 Y118.0000 E0.4180
G1 X108.5000 E0.4180
G1 E-1.0000 F1800 ; e-retract 1
G1 Z1.4500 F12000 ; z-hop start
;LAYER_CHANGE 5 of 24
SET_VELOCITY_LIMIT ACCEL=10000
G1 Z1.2500
; feature shells
G1 X109.3000 Y118.8000
G1 E1.0000 F1800 ; e-engage 1
G4 P5
G1 Y101.2000 E0.4598 F4200
G1 X91.7000 E0.4598
G1 Y118.8000 E0.4598
G1 X109.3000 E0.4598
G1 X108.9000 Y118.4000 F12000
G1 Y101.6000 E0.4389 F7200
G1 X92.1000 E0.4389
G1 Y118.4000 E0.4389
G1 X108.9000 E0.4389
G1 X108.5000 Y118.0000 F12000
G1 Y102.0000 E0.4180 F7200
G1 X92.5000 E0.4180
G1 Y118.0000 E0.4180
G1 X108.5000 E0.4180
G1 E-1.0000 F1800 ; e-retract 1
G1 Z1.6500 F12000 ; z-hop start
; feature purge tower
; CP TOOLCHANGE UNLOAD
G1 E-5 F2700 ; unload
; CP TOOLCHANGE START -> T0
M104 S220
T0
; filament start gcode
SET_PRESSURE_ADVANCE ADVANCE=0.025
G1 E5 F2700 ; load
G92 E0
G1 X103.1289 Y136.9421
G1 Z1.2500 ; z-hop end
G1 E1.0000 F1800 ; e-engage 1
G4 P5
G1 X117.2711 E0.3694 F7200
G1 Y122.8000 E0.3694
G1 X103.1289 E0.3694
G1 Y136.9421 E0.3694
G1 X103.3289 Y136.4108 F12000
G1 X103.6603 Y136.7421 E0.0122 F7200
G1 X104.2260 E0.0148
G1 X103.3289 Y135.8451 E0.0331
G1 Y135.2794 E0.0148
G1 X104.7917 Y136.7421 E0.0540
G1 X105.3574 E0.0148
G1 X103.3289 Y134.7137 E0.0749
G1 Y134.1480 E0.0148
G1 X105.9230 Y136.7421 E0.0958
G1 X106.4887 E0.0148
G1 X103.3289 Y133.5823 E0.1167
G1 Y133.0166 E0.0148
G1 X107.0544 Y136.7421 E0.1376
G1 X107.6201 E0.0148
G1 X103.3289 Y132.4510 E0.1585
G1 Y131.8853 E0.0148
G1 X108.1858 Y136.7421 E0.1794
G1 X108.7515 E0.0148
G1 X103.3289 Y131.3196 E0.2003
G1 Y130.7539 E0.0148
G1 X109.3172 Y136.7421 E0.2212
G1 X109.8828 E0.0148
G1 X103.3289 Y130.1882 E0.2421
G1 Y129.6225 E0.0148
G1 X110.4485 Y136.7421 E0.2630
G1 X111.0142 E0.0148
G1 X103.3289 Y129.0568 E0.2839
G1 Y128.4912 E0.0148
G1 X111.5799 Y136.7421 E0.3048
G1 X112.1456 E0.0148
G1 X103.3289 Y127.9255 E0.3257
G1 Y127.3598 E0.0148
G1 X112.7113 Y136.7421 E0.3466
G1 X113.2770 E0.0148
G1 X103.3289 Y126.7941 E0.3675
G1 Y126.2284 E0.0148
G1 X113.8426 Y136.7421 E0.3884
G1 X114.4083 E0.0148
G1 X103.3289 Y125.6627 E0.4093
G1 Y125.0971 E0.0148
G1 X114.9740 Y136.7421 E0.4302
G1 X115.5397 E0.0148
G1 X103.3289 Y124.5314 E0.4511
G1 Y123.9657 E0.0148
G1 X116.1054 Y136.7421 E0.4720
G1 X116.6711 E0.0148
G1 X103.3289 Y123.4000 E0.4929
G1 X103.4946 Y123.0000 E0.0113
G1 X117.0711 Y136.5764 E0.5016
G1 Y136.0108 E0.0148
G1 X104.0603 Y123.0000 E0.4807
G1 X104.6260 E0.0148
G1 X117.0711 Y135.4451 E0.4598
G1 Y134.8794 E0.0148
G1 X105.1917 Y123.0000 E0.4389
G1 X105.7574 E0.0148
G1 X117.0711 Y134.3137 E0.4180
G1 Y133.7480 E0.0148
G1 X106.3230 Y123.0000 E0.3971
G1 X106.8887 E0.0148
G1 X117.0711 Y133.1823 E0.3762
G1 Y132.6166 E0.0148
G1 X107.4544 Y123.0000 E0.3553
G1 X108.0201 E0.0148
G1 X117.0711 Y132.0510 E0.3344
G1 Y131.4853 E0.0148
G1 X108.5858 Y123.0000 E0.3135
G1 X109.1515 E0.0148
G1 X117.0711 Y130.9196 E0.2926
G1 Y130.3539 E0.0148
G1 X109.7172 Y123.0000 E0.2717
G1 X110.2828 E0.0148
G1 X117.0711 Y129.7882 E0.2508
G1 Y129.2225 E0.0148
G1 X110.8485 Y123.0000 E0.2299
G1 X111.4142 E0.0148
G1 X117.0711 Y128.6568 E0.2090
G1 Y128.0912 E0.0148
G1 X111.9799 Y123.0000 E0.1881
G1 X112.5456 E0.0148
G1 X117.0711 Y127.5255 E0.1672
G1 Y126.9598 E0.0148
G1 X113.1113 Y123.0000 E0.1463
G1 X113.6770 E0.0148
G1 X117.0711 Y126.3941 E0.1254
G1 Y125.8284 E0.0148
G1 X114.2426 Y123.0000 E0.1045
G1 X114.8083 E0.0148
G1 X117.0711 Y125.2627 E0.0836
G1 Y124.6971 E0.0148
G1 X115.3740 Y123.0000 E0.0627
G1 X115.9397 E0.0148
G1 X117.0711 Y124.1314 E0.0418
G1 Y123.5657 E0.0148
G1 X116.5054 Y123.0000 E0.0209
G1 E-1.0000 F1800 ; e-retract 1
G1 Z1.6500 F12000 ; z-hop start
G1 X103.1289 Y136.9421
G1 X117.2711
G1 Y122.8000
G1 X103.1289
G1 Y136.9421
; feature shells
G1 X110.7000 Y118.8000
G1 Z1.2500 ; z-hop end
G1 E1.0000 F1800 ; e-engage 1
G4 P5
G1 X128.3000 E0.4598 F4200
G1 Y101.2000 E0.4598
G1 X110.7000 E0.4598
G1 Y118.8000 E0.4598
G1 X111.1000 Y118.4000 F12000
G1 X127.9000 E0.4389 F7200
G1 Y101.6000 E0.4389
G1 X111.1000 E0.4389
G1 Y118.4000 E0.4389
G1 X111.5000 Y118.0000 F12000
G1 X127.5000 E0.4180 F7200
G1 Y102.0000 E0.4180
G1 X111.5000 E0.4180
G1 Y118.0000 E0.4180
G1 E-1.0000 F1800 ; e-retract 1
G1 Z1.6500 F12000 ; z-hop start
;LAYER_CHANGE 6 of 24
SET_VELOCITY_LIMIT ACCEL=10000
G1 Z1.4500
; feature shells
G1 X110.7000 Y118.8000
G1 E1.0000 F1800 ; e-engage 1
G4 P5
G1 X128.3000 E0.4598 F4200
G1 Y101.2000 E0.4598
G1 X110.7000 E0.4598
G1 Y118.8000 E0.4598
G1 X111.1000 Y118.4000 F12000
G1 X127.9000 E0.4389 F7200
G1 Y101.6000 E0.4389
G1 X111.1000 E0.4389
G1 Y118.4000 E0.4389
G1 X111.5000 Y118.0000 F12000
G1 X127.5000 E0.4180 F7200
G1 Y102.0000 E0.4180
G1 X111.5000 E0.4180
G1 Y118.0000 E0.4180
G1 E-1.0000 F1800 ; e-retract 1
G1 Z1.8500 F12000 ; z-hop start
; feature purge tower
; CP TOOLCHANGE UNLOAD
G1 E-5 F2700 ; unload
; CP TOOLCHANGE START -> T1
M104 S220
T1
; filament start gcode
SET_PRESSURE_ADVANCE ADVANCE=0.025
G1 E5 F2700 ; load
G92 E0
G1 X103.1289 Y136.9421
G1 Z1.4500 ; z-hop end
G1 E1.0000 F1800 ; e-engage 1
G4 P5
G1 X117.2711 E0.3694 F7200
G1 Y122.8000 E0.3694
G1 X103.1289 E0.3694
G1 Y136.9421 E0.3694
G1 X103.3289 Y136.4108 F12000
G1 X103.6603 Y136.7421 E0.0122 F7200
G1 X104.2260 E0.0148
G1 X103.3289 Y135.8451 E0.0331
G1 Y135.2794 E0.0148
G1 X104.7917 Y136.7421 E0.0540
G1 X105.3574 E0.0148
G1 X103.3289 Y134.7137 E0.0749
G1 Y134.1480 E0.0148
G1 X105.9230 Y136.7421 E0.0958
G1 X106.4887 E0.0148
G1 X103.3289 Y133.5823 E0.1167
G1 Y133.0166 E0.0148
G1 X107.0544 Y136.7421 E0.1376
G1 X107.6201 E0.0148
G1 X103.3289 Y132.4510 E0.1585
G1 Y131.8853 E0.0148
G1 X108.1858 Y136.7421 E0.1794
G1 X108.7515 E0.0148
G1 X103.3289 Y131.3196 E0.2003
G1 Y130.7539 E0.0148
G1 X109.3172 Y136.7421 E0.2212
G1 X109.8828 E0.0148
G1 X103.3289 Y130.1882 E0.2421
G1 Y129.6225 E0.0148
G1 X110.4485 Y136.7421 E0.2630
G1 X111.0142 E0.0148
G1 X103.3289 Y129.0568 E0.2839
G1 Y128.4912 E0.0148
G1 X111.5799 Y136.7421 E0.3048
G1 X112.1456 E0.0148
G1 X103.3289 Y127.9255 E0.3257
G1 Y127.3598 E0.0148
G1 X112.7113 Y136.7421 E0.3466
G1 X113.2770 E0.0148
G1 X103.3289 Y126.7941 E0.3675
G1 Y126.2284 E0.0148
G1 X113.8426 Y136.7421 E0.3884
G1 X114.4083 E0.0148
G1 X103.3289 Y125.6627 E0.4093
G1 Y125.0971 E0.0148
G1 X114.9740 Y136.7421 E0.4302
G1 X115.5397 E0.0148
G1 X103.3289 Y124.5314 E0.4511
G1 Y123.9657 E0.0148
G1 X116.1054 Y136.7421 E0.4720
G1 X116.6711 E0.0148
G1 X103.3289 Y123.4000 E0.4929
G1 X103.4946 Y123.0000 E0.0113
G1 X117.0711 Y136.5764 E0.5016
G1 Y136.0108 E0.0148
G1 X104.0603 Y123.0000 E0.4807
G1 X104.6260 E0.0148
G1 X117.0711 Y135.4451 E0.4598
G1 Y134.8794 E0.0148
G1 X105.1917 Y123.0000 E0.4389
G1 X105.7574 E0.0148
G1 X117.0711 Y134.3137 E0.4180
G1 Y133.7480 E0.0148
G1 X106.3230 Y123.0000 E0.3971
G1 X106.8887 E0.0148
G1 X117.0711 Y133.1823 E0.3762
G1 Y132.6166 E0.0148
G1 X107.4544 Y123.0000 E0.3553
G1 X108.0201 E0.0148
G1 X117.0711 Y132.0510 E0.3344
G1 Y131.4853 E0.0148
G1 X108.5858 Y123.0000 E0.3135
G1 X109.1515 E0.0148
G1 X117.0711 Y130.9196 E0.2926
G1 Y130.3539 E0.0148
G1 X109.7172 Y123.0000 E0.2717
G1 X110.2828 E0.0148
G1 X117.0711 Y129.7882 E0.2508
G1 Y129.2225 E0.0148
G1 X110.8485 Y123.0000 E0.2299
G1 X111.4142 E0.0148
G1 X117.0711 Y128.6568 E0.2090
G1 Y128.0912 E0.0148
G1 X111.9799 Y123.0000 E0.1881
G1 X112.5456 E0.0148
G1 X117.0711 Y127.5255 E0.1672
G1 Y126.9598 E0.0148
G1 X113.1113 Y123.0000 E0.1463
G1 X113.6770 E0.0148
G1 X117.0711 Y126.3941 E0.1254
G1 Y125.8284 E0.0148
G1 X114.2426 Y123.0000 E0.1045
G1 X114.8083 E0.0148
G1 X117.0711 Y125.2627 E0.0836
G1 Y124.6971 E0.0148
G1 X115.3740 Y123.0000 E0.0627
G1 X115.9397 E0.0148
G1 X117.0711 Y124.1314 E0.0418
G1 Y123.5657 E0.0148
G1 X116.5054 Y123.0000 E0.0209
G1 E-1.0000 F1800 ; e-retract 1
G1 Z1.8500 F12000 ; z-hop start
G1 X103.1289 Y136.9421
G1 X117.2711
G1 Y122.8000
G1 X103.1289
G1 Y136.9421
; feature shells
G1 X109.3000 Y118.8000
G1 Z1.4500 ; z-hop end
G1 E1.0000 F1800 ; e-engage 1
G4 P5
G1 Y101.2000 E0.4598 F4200
G1 X91.7000 E0.4598
G1 Y118.8000 E0.4598
G1 X109.3000 E0.4598
G1 X108.9000 Y118.4000 F12000
G1 Y101.6000 E0.4389 F7200
G1 X92.1000 E0.4389
G1 Y118.4000 E0.4389
G1 X108.9000 E0.4389
G1 X108.5000 Y118.0000 F12000
G1 Y102.0000 E0.4180 F7200
G1 X92.5000 E0.4180
G1 Y118.0000 E0.4180
G1 X108.5000 E0.4180
G1 E-1.0000 F1800 ; e-retract 1
G1 Z1.8500 F12000 ; z-hop start
;LAYER_CHANGE 7 of 24
SET_VELOCITY_LIMIT ACCEL=10000
G1 Z1.6500
; feature shells
G1 X109.3000 Y118.8000
G1 E1.0000 F1800 ; e-engage 1
G4 P5
G1 Y101.2000 E0.4598 F4200
G1 X91.7000 E0.4598
G1 Y118.8000 E0.4598
G1 X109.3000 E0.4598
G1 X108.9000 Y118.4000 F12000
G1 Y101.6000 E0.4389 F7200
G1 X92.1000 E0.4389
G1 Y118.4000 E0.4389
G1 X108.9000 E0.4389
G1 X108.5000 Y118.0000 F12000
G1 Y102.0000 E0.4180 F7200
G1 X92.5000 E0.4180
G1 Y118.0000 E0.4180
G1 X108.5000 E0.4180
G1 E-1.0000 F1800 ; e-retract 1
G1 Z2.0500 F12000 ; z-hop start
; feature purge tower
; CP TOOLCHANGE UNLOAD
G1 E-5 F2700 ; unload
; CP TOOLCHANGE START -> T0
M104 S220
T0
; filament start gcode
SET_PRESSURE_ADVANCE ADVANCE=0.025
G1 E5 F2700 ; load
G92 E0
G1 X103.1289 Y136.9421
G1 Z1.6500 ; z-hop end
G1 E1.0000 F1800 ; e-engage 1
G4 P5
G1 X117.2711 E0.3694 F7200
G1 Y122.8000 E0.3694
G1 X103.1289 E0.3694
G1 Y136.9421 E0.3694
G1 X103.3289 Y136.4108 F12000
G1 X103.6603 Y136.7421 E0.0122 F7200
G1 X104.2260 E0.0148
G1 X103.3289 Y135.8451 E0.0331
G1 Y135.2794 E0.0148
G1 X104.7917 Y136.7421 E0.0540
G1 X105.3574 E0.0148
G1 X103.3289 Y134.7137 E0.0749
G1 Y134.1480 E0.0148
G1 X105.9230 Y136.7421 E0.0958
G1 X106.4887 E0.0148
G1 X103.3289 Y133.5823 E0.1167
G1 Y133.0166 E0.0148
G1 X107.0544 Y136.7421 E0.1376
G1 X107.6201 E0.0148
G1 X103.3289 Y132.4510 E0.1585
G1 Y131.8853 E0.0148
G1 X108.1858 Y136.7421 E0.1794
G1 X108.7515 E0.0148
G1 X103.3289 Y131.3196 E0.2003
G1 Y130.7539 E0.0148
G1 X109.3172 Y136.7421 E0.2212
G1 X109.8828 E0.0148
G1 X103.3289 Y130.1882 E0.2421
G1 Y129.6225 E0.0148
G1 X110.4485 Y136.7421 E0.2630
G1 X111.0142 E0.0148
G1 X103.3289 Y129.0568 E0.2839
G1 Y128.4912 E0.0148
G1 X111.5799 Y136.7421 E0.3048
G1 X112.1456 E0.0148
G1 X103.3289 Y127.9255 E0.3257
G1 Y127.3598 E0.0148
G1 X112.7113 Y136.7421 E0.3466
G1 X113.2770 E0.0148
G1 X103.3289 Y126.7941 E0.3675
G1 Y126.2284 E0.0148
G1 X113.8426 Y136.7421 E0.3884
G1 X114.4083 E0.0148
G1 X103.3289 Y125.6627 E0.4093
G1 Y125.0971 E0.0148
G1 X114.9740 Y136.7421 E0.4302
G1 X115.5397 E0.0148
G1 X103.3289 Y124.5314 E0.4511
G1 Y123.9657 E0.0148
G1 X116.1054 Y136.7421 E0.4720
G1 X116.6711 E0.0148
G1 X103.3289 Y123.4000 E0.4929
G1 X103.4946 Y123.0000 E0.0113
G1 X117.0711 Y136.5764 E0.5016
G1 Y136.0108 E0.0148
G1 X104.0603 Y123.0000 E0.4807
G1 X104.6260 E0.0148
G1 X117.0711 Y135.4451 E0.4598
G1 Y134.8794 E0.0148
G1 X105.1917 Y123.0000 E0.4389
G1 X105.7574 E0.0148
G1 X117.0711 Y134.3137 E0.4180
G1 Y133.7480 E0.0148
G1 X106.3230 Y123.0000 E0.3971
G1 X106.8887 E0.0148
G1 X117.0711 Y133.1823 E0.3762
G1 Y132.6166 E0.0148
G1 X107.4544 Y123.0000 E0.3553
G1 X108.0201 E0.0148
G1 X117.0711 Y132.0510 E0.3344
G1 Y131.4853 E0.0148
G1 X108.5858 Y123.0000 E0.3135
G1 X109.1515 E0.0148
G1 X117.0711 Y130.9196 E0.2926
G1 Y130.3539 E0.0148
G1 X109.7172 Y123.0000 E0.2717
G1 X110.2828 E0.0148
G1 X117.0711 Y129.7882 E0.2508
G1 Y129.2225 E0.0148
G1 X110.8485 Y123.0000 E0.2299
G1 X111.4142 E0.0148
G1 X117.0711 Y128.6568 E0.2090
G1 Y128.0912 E0.0148
G1 X111.9799 Y123.0000 E0.1881
G1 X112.5456 E0.0148
G1 X117.0711 Y127.5255 E0.1672
G1 Y126.9598 E0.0148
G1 X113.1113 Y123.0000 E0.1463
G1 X113.6770 E0.0148
G1 X117.0711 Y126.3941 E0.1254
G1 Y125.8284 E0.0148
G1 X114.2426 Y123.0000 E0.1045
G1 X114.8083 E0.0148
G1 X117.0711 Y125.2627 E0.0836
G1 Y124.6971 E0.0148
G1 X115.3740 Y123.0000 E0.0627
G1 X115.9397 E0.0148
G1 X117.0711 Y124.1314 E0.0418
G1 Y123.5657 E0.0148
G1 X116.5054 Y123.0000 E0.0209
G1 E-1.0000 F1800 ; e-retract 1
G1 Z2.0500 F12000 ; z-hop start
G1 X103.1289 Y136.9421
G1 X117.2711
G1 Y122.8000
G1 X103.1289
G1 Y136.9421
; feature shells
G1 X110.7000 Y118.8000
G1 Z1.6500 ; z-hop end
G1 E1.0000 F1800 ; e-engage 1
G4 P5
G1 X128.3000 E0.4598 F4200
G1 Y101.2000 E0.4598
G1 X110.7000 E0.4598
G1 Y118.8000 E0.4598
G1 X111.1000 Y118.4000 F12000
G1 X127.9000 E0.4389 F7200
G1 Y101.6000 E0.4389
G1 X111.1000 E0.4389
G1 Y118.4000 E0.4389
G1 X111.5000 Y118.0000 F12000
G1 X127.5000 E0.4180 F7200
G1 Y102.0000 E0.4180
G1 X111.5000 E0.4180
G1 Y118.0000 E0.4180
G1 E-1.0000 F1800 ; e-retract 1
G1 Z2.0500 F12000 ; z-hop start
;LAYER_CHANGE 8 of 24
SET_VELOCITY_LIMIT ACCEL=10000
G1 Z1.8500
; feature shells
G1 X110.7000 Y118.8000
G1 E1.0000 F1800 ; e-engage 1
G4 P5
G1 X128.3000 E0.4598 F4200
G1 Y101.2000 E0.4598
G1 X110.7000 E0.4598
G1 Y118.8000 E0.4598
G1 X111.1000 Y118.4000 F12000
G1 X127.9000 E0.4389 F7200
G1 Y101.6000 E0.4389
G1 X111.1000 E0.4389
G1 Y118.4000 E0.4389
G1 X111.5000 Y118.0000 F12000
G1 X127.5000 E0.4180 F7200
G1 Y102.0000 E0.4180
G1 X111.5000 E0.4180
G1 Y118.0000 E0.4180
G1 E-1.0000 F1800 ; e-retract 1
G1 Z2.2500 F12000 ; z-hop start
; feature purge tower
; CP TOOLCHANGE UNLOAD
G1 E-5 F2700 ; unload
; CP TOOLCHANGE START -> T1
M104 S220
T1
; filament start gcode
SET_PRESSURE_ADVANCE ADVANCE=0.025
G1 E5 F2700 ; load
G92 E0
G1 X103.1289 Y136.9421
G1 Z1.8500 ; z-hop end
G1 E1.0000 F1800 ; e-engage 1
G4 P5
G1 X117.2711 E0.3694 F7200
G1 Y122.8000 E0.3694
G1 X103.1289 E0.3694
G1 Y136.9421 E0.3694
G1 X103.3289 Y136.4108 F12000
G1 X103.6603 Y136.7421 E0.0122 F7200
G1 X104.2260 E0.0148
G1 X103.3289 Y135.8451 E0.0331
G1 Y135.2794 E0.0148
G1 X104.7917 Y136.7421 E0.0540
G1 X105.3574 E0.0148
G1 X103.3289 Y134.7137 E0.0749
G1 Y134.1480 E0.0148
G1 X105.9230 Y136.7421 E0.0958
G1 X106.4887 E0.0148
G1 X103.3289 Y133.5823 E0.1167
G1 Y133.0166 E0.0148
G1 X107.0544 Y136.7421 E0.1376
G1 X107.6201 E0.0148
G1 X103.3289 Y132.4510 E0.1585
G1 Y131.8853 E0.0148
G1 X108.1858 Y136.7421 E0.1794
G1 X108.7515 E0.0148
G1 X103.3289 Y131.3196 E0.2003
G1 Y130.7539 E0.0148
G1 X109.3172 Y136.7421 E0.2212
G1 X109.8828 E0.0148
G1 X103.3289 Y130.1882 E0.2421
G1 Y129.6225 E0.0148
G1 X110.4485 Y136.7421 E0.2630
G1 X111.0142 E0.0148
G1 X103.3289 Y129.0568 E0.2839
G1 Y128.4912 E0.0148
G1 X111.5799 Y136.7421 E0.3048
G1 X112.1456 E0.0148
G1 X103.3289 Y127.9255 E0.3257
G1 Y127.3598 E0.0148
G1 X112.7113 Y136.7421 E0.3466
G1 X113.2770 E0.0148
G1 X103.3289 Y126.7941 E0.3675
G1 Y126.2284 E0.0148
G1 X113.8426 Y136.7421 E0.3884
G1 X114.4083 E0.0148
G1 X103.3289 Y125.6627 E0.4093
G1 Y125.0971 E0.0148
G1 X114.9740 Y136.7421 E0.4302
G1 X115.5397 E0.0148
G1 X103.3289 Y124.5314 E0.4511
G1 Y123.9657 E0.0148
G1 X116.1054 Y136.7421 E0.4720
G1 X116.6711 E0.0148
G1 X103.3289 Y123.4000 E0.4929
G1 X103.4946 Y123.0000 E0.0113
G1 X117.0711 Y136.5764 E0.5016
G1 Y136.0108 E0.0148
G1 X104.0603 Y123.0000 E0.4807
G1 X104.6260 E0.0148
G1 X117.0711 Y135.4451 E0.4598
G1 Y134.8794 E0.0148
G1 X105.1917 Y123.0000 E0.4389
G1 X105.7574 E0.0148
G1 X117.0711 Y134.3137 E0.4180
G1 Y133.7480 E0.0148
G1 X106.3230 Y123.0000 E0.3971
G1 X106.8887 E0.0148
G1 X117.0711 Y133.1823 E0.3762
G1 Y132.6166 E0.0148
G1 X107.4544 Y123.0000 E0.3553
G1 X108.0201 E0.0148
G1 X117.0711 Y132.0510 E0.3344
G1 Y131.4853 E0.0148
G1 X108.5858 Y123.0000 E0.3135
G1 X109.1515 E0.0148
G1 X117.0711 Y130.9196 E0.2926
G1 Y130.3539 E0.0148
G1 X109.7172 Y123.0000 E0.2717
G1 X110.2828 E0.0148
G1 X117.0711 Y129.7882 E0.2508
G1 Y129.2225 E0.0148
G1 X110.8485 Y123.0000 E0.2299
G1 X111.4142 E0.0148
G1 X117.0711 Y128.6568 E0.2090
G1 Y128.0912 E0.0148
G1 X111.9799 Y123.0000 E0.1881
G1 X112.5456 E0.0148
G1 X117.0711 Y127.5255 E0.1672
G1 Y126.9598 E0.0148
G1 X113.1113 Y123.0000 E0.1463
G1 X113.6770 E0.0148
G1 X117.0711 Y126.3941 E0.1254
G1 Y125.8284 E0.0148
G1 X114.2426 Y123.0000 E0.1045
G1 X114.8083 E0.0148
G1 X117.0711 Y125.2627 E0.0836
G1 Y124.6971 E0.0148
G1 X115.3740 Y123.0000 E0.0627
G1 X115.9397 E0.0148
G1 X117.0711 Y124.1314 E0.0418
G1 Y123.5657 E0.0148
G1 X116.5054 Y123.0000 E0.0209
G1 E-1.0000 F1800 ; e-retract 1
G1 Z2.2500 F12000 ; z-hop start
G1 X103.1289 Y136.9421
G1 X117.2711
G1 Y122.8000
G1 X103.1289
G1 Y136.9421
; feature shells
G1 X109.3000 Y118.8000
G1 Z1.8500 ; z-hop end
G1 E1.0000 F1800 ; e-engage 1
G4 P5
G1 Y101.2000 E0.4598 F4200
G1 X91.7000 E0.4598
G1 Y118.8000 E0.4598
G1 X109.3000 E0.4598
G1 X108.9000 Y118.4000 F12000
G1 Y101.6000 E0.4389 F7200
G1 X92.1000 E0.4389
G1 Y118.4000 E0.4389
G1 X108.9000 E0.4389
G1 X108.5000 Y118.0000 F12000
G1 Y102.0000 E0.4180 F7200
G1 X92.5000 E0.4180
G1 Y118.0000 E0.4180
G1 X108.5000 E0.4180
G1 E-1.0000 F1800 ; e-retract 1
G1 Z2.2500 F12000 ; z-hop start
;LAYER_CHANGE 9 of 24
SET_VELOCITY_LIMIT ACCEL=10000
G1 Z2.0500
; feature shells
G1 X109.3000 Y118.8000
G1 E1.0000 F1800 ; e-engage 1
G4 P5
G1 Y101.2000 E0.4598 F4200
G1 X91.7000 E0.4598
G1 Y118.8000 E0.4598
G1 X109.3000 E0.4598
G1 X108.9000 Y118.4000 F12000
G1 Y101.6000 E0.4389 F7200
G1 X92.1000 E0.4389
G1 Y118.4000 E0.4389
G1 X108.9000 E0.4389
G1 X108.5000 Y118.0000 F12000
G1 Y102.0000 E0.4180 F7200
G1 X92.5000 E0.4180
G1 Y118.0000 E0.4180
G1 X108.5000 E0.4180
G1 E-1.0000 F1800 ; e-retract 1
G1 Z2.4500 F12000 ; z-hop start
; feature purge tower
; CP TOOLCHANGE UNLOAD
G1 E-5 F2700 ; unload
; CP TOOLCHANGE START -> T0
M104 S220
T0
; filament start gcode
SET_PRESSURE_ADVANCE ADVANCE=0.025
G1 E5 F2700 ; load
G92 E0
G1 X103.1289 Y136.9421
G1 Z2.0500 ; z-hop end
G1 E1.0000 F1800 ; e-engage 1
G4 P5
G1 X117.2711 E0.3694 F7200
G1 Y122.8000 E0.3694
G1 X103.1289 E0.3694
G1 Y136.9421 E0.3694
G1 X103.3289 Y136.4108 F12000
G1 X103.6603 Y136.7421 E0.0122 F7200
G1 X104.2260 E0.0148
G1 X103.3289 Y135.8451 E0.0331
G1 Y135.2794 E0.0148
G1 X104.7917 Y136.7421 E0.0540
G1 X105.3574 E0.0148
G1 X103.3289 Y134.7137 E0.0749
G1 Y134.1480 E0.0148
G1 X105.9230 Y136.7421 E0.0958
G1 X106.4887 E0.0148
G1 X103.3289 Y133.5823 E0.1167
G1 Y133.0166 E0.0148
G1 X107.0544 Y136.7421 E0.1376
G1 X107.6201 E0.0148
G1 X103.3289 Y132.4510 E0.1585
G1 Y131.8853 E0.0148
G1 X108.1858 Y136.7421 E0.1794
G1 X108.7515 E0.0148
G1 X103.3289 Y131.3196 E0.2003
G1 Y130.7539 E0.0148
G1 X109.3172 Y136.7421 E0.2212
G1 X109.8828 E0.0148
G1 X103.3289 Y130.1882 E0.2421
G1 Y129.6225 E0.0148
G1 X110.4485 Y136.7421 E0.2630
G1 X111.0142 E0.0148
G1 X103.3289 Y129.0568 E0.2839
G1 Y128.4912 E0.0148
G1 X111.5799 Y136.7421 E0.3048
G1 X112.1456 E0.0148
G1 X103.3289 Y127.9255 E0.3257
G1 Y127.3598 E0.0148
G1 X112.7113 Y136.7421 E0.3466
G1 X113.2770 E0.0148
G1 X103.3289 Y126.7941 E0.3675
G1 Y126.2284 E0.0148
G1 X113.8426 Y136.7421 E0.3884
G1 X114.4083 E0.0148
G1 X103.3289 Y125.6627 E0.4093
G1 Y125.0971 E0.0148
G1 X114.9740 Y136.7421 E0.4302
G1 X115.5397 E0.0148
G1 X103.3289 Y124.5314 E0.4511
G1 Y123.9657 E0.0148
G1 X116.1054 Y136.7421 E0.4720
G1 X116.6711 E0.0148
G1 X103.3289 Y123.4000 E0.4929
G1 X103.4946 Y123.0000 E0.0113
G1 X117.0711 Y136.5764 E0.5016
G1 Y136.0108 E0.0148
G1 X104.0603 Y123.0000 E0.4807
G1 X104.6260 E0.0148
G1 X117.0711 Y135.4451 E0.4598
G1 Y134.8794 E0.0148
G1 X105.1917 Y123.0000 E0.4389
G1 X105.7574 E0.0148
G1 X117.0711 Y134.3137 E0.4180
G1 Y133.7480 E0.0148
G1 X106.3230 Y123.0000 E0.3971
G1 X106.8887 E0.0148
G1 X117.0711 Y133.1823 E0.3762
G1 Y132.6166 E0.0148
G1 X107.4544 Y123.0000 E0.3553
G1 X108.0201 E0.0148
G1 X117.0711 Y132.0510 E0.3344
G1 Y131.4853 E0.0148
G1 X108.5858 Y123.0000 E0.3135
G1 X109.1515 E0.0148
G1 X117.0711 Y130.9196 E0.2926
G1 Y130.3539 E0.0148
G1 X109.7172 Y123.0000 E0.2717
G1 X110.2828 E0.0148
G1 X117.0711 Y129.7882 E0.2508
G1 Y129.2225 E0.0148
G1 X110.8485 Y123.0000 E0.2299
G1 X111.4142 E0.0148
G1 X117.0711 Y128.6568 E0.2090
G1 Y128.0912 E0.0148
G1 X111.9799 Y123.0000 E0.1881
G1 X112.5456 E0.0148
G1 X117.0711 Y127.5255 E0.1672
G1 Y126.9598 E0.0148
G1 X113.1113 Y123.0000 E0.1463
G1 X113.6770 E0.0148
G1 X117.0711 Y126.3941 E0.1254
G1 Y125.8284 E0.0148
G1 X114.2426 Y123.0000 E0.1045
G1 X114.8083 E0.0148
G1 X117.0711 Y125.2627 E0.0836
G1 Y124.6971 E0.0148
G1 X115.3740 Y123.0000 E0.0627
G1 X115.9397 E0.0148
G1 X117.0711 Y124.1314 E0.0418
G1 Y123.5657 E0.0148
G1 X116.5054 Y123.0000 E0.0209
G1 E-1.0000 F1800 ; e-retract 1
G1 Z2.4500 F12000 ; z-hop start
G1 X103.1289 Y136.9421
G1 X117.2711
G1 Y122.8000
G1 X103.1289
G1 Y136.9421
; feature shells
G1 X110.7000 Y118.8000
G1 Z2.0500 ; z-hop end
G1 E1.0000 F1800 ; e-engage 1
G4 P5
G1 X128.3000 E0.4598 F4200
G1 Y101.2000 E0.4598
G1 X110.7000 E0.4598
G1 Y118.8000 E0.4598
G1 X111.1000 Y118.4000 F12000
G1 X127.9000 E0.4389 F7200
G1 Y101.6000 E0.4389
G1 X111.1000 E0.4389
G1 Y118.4000 E0.4389
G1 X111.5000 Y118.0000 F12000
G1 X127.5000 E0.4180 F7200
G1 Y102.0000 E0.4180
G1 X111.5000 E0.4180
G1 Y118.0000 E0.4180
G1 E-1.0000 F1800 ; e-retract 1
G1 Z2.4500 F12000 ; z-hop start
;LAYER_CHANGE 10 of 24
SET_VELOCITY_LIMIT ACCEL=10000
G1 Z2.2500
; feature shells
G1 X110.7000 Y118.8000
G1 E1.0000 F1800 ; e-engage 1
G4 P5
G1 X128.3000 E0.4598 F4200
G1 Y101.2000 E0.4598
G1 X110.7000 E0.4598
G1 Y118.8000 E0.4598
G1 X111.1000 Y118.4000 F12000
G1 X127.9000 E0.4389 F7200
G1 Y101.6000 E0.4389
G1 X111.1000 E0.4389
G1 Y118.4000 E0.4389
G1 X111.5000 Y118.0000 F12000
G1 X127.5000 E0.4180 F7200
G1 Y102.0000 E0.4180
G1 X111.5000 E0.4180
G1 Y118.0000 E0.4180
G1 E-1.0000 F1800 ; e-retract 1
G1 Z2.6500 F12000 ; z-hop start
; feature purge tower
; CP TOOLCHANGE UNLOAD
G1 E-5 F2700 ; unload
; CP TOOLCHANGE START -> T1
M104 S220
T1
; filament start gcode
SET_PRESSURE_ADVANCE ADVANCE=0.025
G1 E5 F2700 ; load
G92 E0
G1 X103.1289 Y136.9421
G1 Z2.2500 ; z-hop end
G1 E1.0000 F1800 ; e-engage 1
G4 P5
G1 X117.2711 E0.3694 F7200
G1 Y122.8000 E0.3694
G1 X103.1289 E0.3694
G1 Y136.9421 E0.3694
G1 X103.3289 Y136.4108 F12000
G1 X103.6603 Y136.7421 E0.0122 F7200
G1 X104.2260 E0.0148
G1 X103.3289 Y135.8451 E0.0331
G1 Y135.2794 E0.0148
G1 X104.7917 Y136.7421 E0.0540
G1 X105.3574 E0.0148
G1 X103.3289 Y134.7137 E0.0749
G1 Y134.1480 E0.0148
G1 X105.9230 Y136.7421 E0.0958
G1 X106.4887 E0.0148
G1 X103.3289 Y133.5823 E0.1167
G1 Y133.0166 E0.0148
G1 X107.0544 Y136.7421 E0.1376
G1 X107.6201 E0.0148
G1 X103.3289 Y132.4510 E0.1585
G1 Y131.8853 E0.0148
G1 X108.1858 Y136.7421 E0.1794
G1 X108.7515 E0.0148
G1 X103.3289 Y131.3196 E0.2003
G1 Y130.7539 E0.0148
G1 X109.3172 Y136.7421 E0.2212
G1 X109.8828 E0.0148
G1 X103.3289 Y130.1882 E0.2421
G1 Y129.6225 E0.0148
G1 X110.4485 Y136.7421 E0.2630
G1 X111.0142 E0.0148
G1 X103.3289 Y129.0568 E0.2839
G1 Y128.4912 E0.0148
G1 X111.5799 Y136.7421 E0.3048
G1 X112.1456 E0.0148
G1 X103.3289 Y127.9255 E0.3257
G1 Y127.3598 E0.0148
G1 X112.7113 Y136.7421 E0.3466
G1 X113.2770 E0.0148
G1 X103.3289 Y126.7941 E0.3675
G1 Y126.2284 E0.0148
G1 X113.8426 Y136.7421 E0.3884
G1 X114.4083 E0.0148
G1 X103.3289 Y125.6627 E0.4093
G1 Y125.0971 E0.0148
G1 X114.9740 Y136.7421 E0.4302
G1 X115.5397 E0.0148
G1 X103.3289 Y124.5314 E0.4511
G1 Y123.9657 E0.0148
G1 X116.1054 Y136.7421 E0.4720
G1 X116.6711 E0.0148
G1 X103.3289 Y123.4000 E0.4929
G1 X103.4946 Y123.0000 E0.0113
G1 X117.0711 Y136.5764 E0.5016
G1 Y136.0108 E0.0148
G1 X104.0603 Y123.0000 E0.4807
G1 X104.6260 E0.0148
G1 X117.0711 Y135.4451 E0.4598
G1 Y134.8794 E0.0148
G1 X105.1917 Y123.0000 E0.4389
G1 X105.7574 E0.0148
G1 X117.0711 Y134.3137 E0.4180
G1 Y133.7480 E0.0148
G1 X106.3230 Y123.0000 E0.3971
G1 X106.8887 E0.0148
G1 X117.0711 Y133.1823 E0.3762
G1 Y132.6166 E0.0148
G1 X107.4544 Y123.0000 E0.3553
G1 X108.0201 E0.0148
G1 X117.0711 Y132.0510 E0.3344
G1 Y131.4853 E0.0148
G1 X108.5858 Y123.0000 E0.3135
G1 X109.1515 E0.0148
G1 X117.0711 Y130.9196 E0.2926
G1 Y130.3539 E0.0148
G1 X109.7172 Y123.0000 E0.2717
G1 X110.2828 E0.0148
G1 X117.0711 Y129.7882 E0.2508
G1 Y129.2225 E0.0148
G1 X110.8485 Y123.0000 E0.2299
G1 X111.4142 E0.0148
G1 X117.0711 Y128.6568 E0.2090
G1 Y128.0912 E0.0148
G1 X111.9799 Y123.0000 E0.1881
G1 X112.5456 E0.0148
G1 X117.0711 Y127.5255 E0.1672
G1 Y126.9598 E0.0148
G1 X113.1113 Y123.0000 E0.1463
G1 X113.6770 E0.0148
G1 X117.0711 Y126.3941 E0.1254
G1 Y125.8284 E0.0148
G1 X114.2426 Y123.0000 E0.1045
G1 X114.8083 E0.0148
G1 X117.0711 Y125.2627 E0.0836
G1 Y124.6971 E0.0148
G1 X115.3740 Y123.0000 E0.0627
G1 X115.9397 E0.0148
G1 X117.0711 Y124.1314 E0.0418
G1 Y123.5657 E0.0148
G1 X116.5054 Y123.0000 E0.0209
G1 E-1.0000 F1800 ; e-retract 1
G1 Z2.6500 F12000 ; z-hop start
G1 X103.1289 Y136.9421
G1 X117.2711
G1 Y122.8000
G1 X103.1289
G1 Y136.9421
; feature shells
G1 X109.3000 Y118.8000
G1 Z2.2500 ; z-hop end
G1 E1.0000 F1800 ; e-engage 1
G4 P5
G1 Y101.2000 E0.4598 F4200
G1 X91.7000 E0.4598
G1 Y118.8000 E0.4598
G1 X109.3000 E0.4598
G1 X108.9000 Y118.4000 F12000
G1 Y101.6000 E0.4389 F7200
G1 X92.1000 E0.4389
G1 Y118.4000 E0.4389
G1 X108.9000 E0.4389
G1 X108.5000 Y118.0000 F12000
G1 Y102.0000 E0.4180 F7200
G1 X92.5000 E0.4180
G1 Y118.0000 E0.4180
G1 X108.5000 E0.4180
G1 E-1.0000 F1800 ; e-retract 1
G1 Z2.6500 F12000 ; z-hop start
;LAYER_CHANGE 11 of 24
SET_VELOCITY_LIMIT ACCEL=10000
G1 Z2.4500
; feature shells
G1 X109.3000 Y118.8000
G1 E1.0000 F1800 ; e-engage 1
G4 P5
G1 Y101.2000 E0.4598 F4200
G1 X91.7000 E0.4598
G1 Y118.8000 E0.4598
G1 X109.3000 E0.4598
G1 X108.9000 Y118.4000 F12000
G1 Y101.6000 E0.4389 F7200
G1 X92.1000 E0.4389
G1 Y118.4000 E0.4389
G1 X108.9000 E0.4389
G1 X108.5000 Y118.0000 F12000
G1 Y102.0000 E0.4180 F7200
G1 X92.5000 E0.4180
G1 Y118.0000 E0.4180
G1 X108.5000 E0.4180
G1 E-1.0000 F1800 ; e-retract 1
G1 Z2.8500 F12000 ; z-hop start
; feature purge tower
; CP TOOLCHANGE UNLOAD
G1 E-5 F2700 ; unload
; CP TOOLCHANGE START -> T0
M104 S220
T0
; filament start gcode
SET_PRESSURE_ADVANCE ADVANCE=0.025
G1 E5 F2700 ; load
G92 E0
G1 X103.1289 Y136.9421
G1 Z2.4500 ; z-hop end
G1 E1.0000 F1800 ; e-engage 1
G4 P5
G1 X117.2711 E0.3694 F7200
G1 Y122.8000 E0.3694
G1 X103.1289 E0.3694
G1 Y136.9421 E0.3694
G1 X103.3289 Y136.4108 F12000
G1 X103.6603 Y136.7421 E0.0122 F7200
G1 X104.2260 E0.0148
G1 X103.3289 Y135.8451 E0.0331
G1 Y135.2794 E0.0148
G1 X104.7917 Y136.7421 E0.0540
G1 X105.3574 E0.0148
G1 X103.3289 Y134.7137 E0.0749
G1 Y134.1480 E0.0148
G1 X105.9230 Y136.7421 E0.0958
G1 X106.4887 E0.0148
G1 X103.3289 Y133.5823 E0.1167
G1 Y133.0166 E0.0148
G1 X107.0544 Y136.7421 E0.1376
G1 X107.6201 E0.0148
G1 X103.3289 Y132.4510 E0.1585
G1 Y131.8853 E0.0148
G1 X108.1858 Y136.7421 E0.1794
G1 X108.7515 E0.0148
G1 X103.3289 Y131.3196 E0.2003
G1 Y130.7539 E0.0148
G1 X109.3172 Y136.7421 E0.2212
G1 X109.8828 E0.0148
G1 X103.3289 Y130.1882 E0.2421
G1 Y129.6225 E0.0148
G1 X110.4485 Y136.7421 E0.2630
G1 X111.0142 E0.0148
G1 X103.3289 Y129.0568 E0.2839
G1 Y128.4912 E0.0148
G1 X111.5799 Y136.7421 E0.3048
G1 X112.1456 E0.0148
G1 X103.3289 Y127.9255 E0.3257
G1 Y127.3598 E0.0148
G1 X112.7113 Y136.7421 E0.3466
G1 X113.2770 E0.0148
G1 X103.3289 Y126.7941 E0.3675
G1 Y126.2284 E0.0148
G1 X113.8426 Y136.7421 E0.3884
G1 X114.4083 E0.0148
G1 X103.3289 Y125.6627 E0.4093
G1 Y125.0971 E0.0148
G1 X114.9740 Y136.7421 E0.4302
G1 X115.5397 E0.0148
G1 X103.3289 Y124.5314 E0.4511
G1 Y123.9657 E0.0148
G1 X116.1054 Y136.7421 E0.4720
G1 X116.6711 E0.0148
G1 X103.3289 Y123.4000 E0.4929
G1 X103.4946 Y123.0000 E0.0113
G1 X117.0711 Y136.5764 E0.5016
G1 Y136.0108 E0.0148
G1 X104.0603 Y123.0000 E0.4807
G1 X104.6260 E0.0148
G1 X117.0711 Y135.4451 E0.4598
G1 Y134.8794 E0.0148
G1 X105.1917 Y123.0000 E0.4389
G1 X105.7574 E0.0148
G1 X117.0711 Y134.3137 E0.4180
G1 Y133.7480 E0.0148
G1 X106.3230 Y123.0000 E0.3971
G1 X106.8887 E0.0148
G1 X117.0711 Y133.1823 E0.3762
G1 Y132.6166 E0.0148
G1 X107.4544 Y123.0000 E0.3553
G1 X108.0201 E0.0148
G1 X117.0711 Y132.0510 E0.3344
G1 Y131.4853 E0.0148
G1 X108.5858 Y123.0000 E0.3135
G1 X109.1515 E0.0148
G1 X117.0711 Y130.9196 E0.2926
G1 Y130.3539 E0.0148
G1 X109.7172 Y123.0000 E0.2717
G1 X110.2828 E0.0148
G1 X117.0711 Y129.7882 E0.2508
G1 Y129.2225 E0.0148
G1 X110.8485 Y123.0000 E0.2299
G1 X111.4142 E0.0148
G1 X117.0711 Y128.6568 E0.2090
G1 Y128.0912 E0.0148
G1 X111.9799 Y123.0000 E0.1881
G1 X112.5456 E0.0148
G1 X117.0711 Y127.5255 E0.1672
G1 Y126.9598 E0.0148
G1 X113.1113 Y123.0000 E0.1463
G1 X113.6770 E0.0148
G1 X117.0711 Y126.3941 E0.1254
G1 Y125.8284 E0.0148
G1 X114.2426 Y123.0000 E0.1045
G1 X114.8083 E0.0148
G1 X117.0711 Y125.2627 E0.0836
G1 Y124.6971 E0.0148
G1 X115.3740 Y123.0000 E0.0627
G1 X115.9397 E0.0148
G1 X117.0711 Y124.1314 E0.0418
G1 Y123.5657 E0.0148
G1 X116.5054 Y123.0000 E0.0209
G1 E-1.0000 F1800 ; e-retract 1
G1 Z2.8500 F12000 ; z-hop start
G1 X103.1289 Y136.9421
G1 X117.2711
G1 Y122.8000
G1 X103.1289
G1 Y136.9421
; feature shells
G1 X110.7000 Y118.8000
G1 Z2.4500 ; z-hop end
G1 E1.0000 F1800 ; e-engage 1
G4 P5
G1 X128.3000 E0.4598 F4200
G1 Y101.2000 E0.4598
G1 X110.7000 E0.4598
G1 Y118.8000 E0.4598
G1 X111.1000 Y118.4000 F12000
G1 X127.9000 E0.4389 F7200
G1 Y101.6000 E0.4389
G1 X111.1000 E0.4389
G1 Y118.4000 E0.4389
G1 X111.5000 Y118.0000 F12000
G1 X127.5000 E0.4180 F7200
G1 Y102.0000 E0.4180
G1 X111.5000 E0.4180
G1 Y118.0000 E0.4180
G1 E-1.0000 F1800 ; e-retract 1
G1 Z2.8500 F12000 ; z-hop start
;LAYER_CHANGE 12 of 24
SET_VELOCITY_LIMIT ACCEL=10000
G1 Z2.6500
; feature shells
G1 X110.7000 Y118.8000
G1 E1.0000 F1800 ; e-engage 1
G4 P5
G1 X128.3000 E0.4598 F4200
G1 Y101.2000 E0.4598
G1 X110.7000 E0.4598
G1 Y118.8000 E0.4598
G1 X111.1000 Y118.4000 F12000
G1 X127.9000 E0.4389 F7200
G1 Y101.6000 E0.4389
G1 X111.1000 E0.4389
G1 Y118.4000 E0.4389
G1 X111.5000 Y118.0000 F12000
G1 X127.5000 E0.4180 F7200
G1 Y102.0000 E0.4180
G1 X111.5000 E0.4180
G1 Y118.0000 E0.4180
G1 E-1.0000 F1800 ; e-retract 1
G1 Z3.0500 F12000 ; z-hop start
; feature purge tower
; CP TOOLCHANGE UNLOAD
G1 E-5 F2700 ; unload
; CP TOOLCHANGE START -> T1
M104 S220
T1
; filament start gcode
SET_PRESSURE_ADVANCE ADVANCE=0.025
G1 E5 F2700 ; load
G92 E0
G1 X103.1289 Y136.9421
G1 Z2.6500 ; z-hop end
G1 E1.0000 F1800 ; e-engage 1
G4 P5
G1 X117.2711 E0.3694 F7200
G1 Y122.8000 E0.3694
G1 X103.1289 E0.3694
G1 Y136.9421 E0.3694
G1 X103.3289 Y136.4108 F12000
G1 X103.6603 Y136.7421 E0.0122 F7200
G1 X104.2260 E0.0148
G1 X103.3289 Y135.8451 E0.0331
G1 Y135.2794 E0.0148
G1 X104.7917 Y136.7421 E0.0540
G1 X105.3574 E0.0148
G1 X103.3289 Y134.7137 E0.0749
G1 Y134.1480 E0.0148
G1 X105.9230 Y136.7421 E0.0958
G1 X106.4887 E0.0148
G1 X103.3289 Y133.5823 E0.1167
G1 Y133.0166 E0.0148
G1 X107.0544 Y136.7421 E0.1376
G1 X107.6201 E0.0148
G1 X103.3289 Y132.4510 E0.1585
G1 Y131.8853 E0.0148
G1 X108.1858 Y136.7421 E0.1794
G1 X108.7515 E0.0148
G1 X103.3289 Y131.3196 E0.2003
G1 Y130.7539 E0.0148
G1 X109.3172 Y136.7421 E0.2212
G1 X109.8828 E0.0148
G1 X103.3289 Y130.1882 E0.2421
G1 Y129.6225 E0.0148
G1 X110.4485 Y136.7421 E0.2630
G1 X111.0142 E0.0148
G1 X103.3289 Y129.0568 E0.2839
G1 Y128.4912 E0.0148
G1 X111.5799 Y136.7421 E0.3048
G1 X112.1456 E0.0148
G1 X103.3289 Y127.9255 E0.3257
G1 Y127.3598 E0.0148
G1 X112.7113 Y136.7421 E0.3466
G1 X113.2770 E0.0148
G1 X103.3289 Y126.7941 E0.3675
G1 Y126.2284 E0.0148
G1 X113.8426 Y136.7421 E0.3884
G1 X114.4083 E0.0148
G1 X103.3289 Y125.6627 E0.4093
G1 Y125.0971 E0.0148
G1 X114.9740 Y136.7421 E0.4302
G1 X115.5397 E0.0148
G1 X103.3289 Y124.5314 E0.4511
G1 Y123.9657 E0.0148
G1 X116.1054 Y136.7421 E0.4720
G1 X116.6711 E0.0148
G1 X103.3289 Y123.4000 E0.4929
G1 X103.4946 Y123.0000 E0.0113
G1 X117.0711 Y136.5764 E0.5016
G1 Y136.0108 E0.0148
G1 X104.0603 Y123.0000 E0.4807
G1 X104.6260 E0.0148
G1 X117.0711 Y135.4451 E0.4598
G1 Y134.8794 E0.0148
G1 X105.1917 Y123.0000 E0.4389
G1 X105.7574 E0.0148
G1 X117.0711 Y134.3137 E0.4180
G1 Y133.7480 E0.0148
G1 X106.3230 Y123.0000 E0.3971
G1 X106.8887 E0.0148
G1 X117.0711 Y133.1823 E0.3762
G1 Y132.6166 E0.0148
G1 X107.4544 Y123.0000 E0.3553
G1 X108.0201 E0.0148
G1 X117.0711 Y132.0510 E0.3344
G1 Y131.4853 E0.0148
G1 X108.5858 Y123.0000 E0.3135
G1 X109.1515 E0.0148
G1 X117.0711 Y130.9196 E0.2926
G1 Y130.3539 E0.0148
G1 X109.7172 Y123.0000 E0.2717
G1 X110.2828 E0.0148
G1 X117.0711 Y129.7882 E0.2508
G1 Y129.2225 E0.0148
G1 X110.8485 Y123.0000 E0.2299
G1 X111.4142 E0.0148
G1 X117.0711 Y128.6568 E0.2090
G1 Y128.0912 E0.0148
G1 X111.9799 Y123.0000 E0.1881
G1 X112.5456 E0.0148
G1 X117.0711 Y127.5255 E0.1672
G1 Y126.9598 E0.0148
G1 X113.1113 Y123.0000 E0.1463
G1 X113.6770 E0.0148
G1 X117.0711 Y126.3941 E0.1254
G1 Y125.8284 E0.0148
G1 X114.2426 Y123.0000 E0.1045
G1 X114.8083 E0.0148
G1 X117.0711 Y125.2627 E0.0836
G1 Y124.6971 E0.0148
G1 X115.3740 Y123.0000 E0.0627
G1 X115.9397 E0.0148
G1 X117.0711 Y124.1314 E0.0418
G1 Y123.5657 E0.0148
G1 X116.5054 Y123.0000 E0.0209
G1 E-1.0000 F1800 ; e-retract 1
G1 Z3.0500 F12000 ; z-hop start
G1 X103.1289 Y136.9421
G1 X117.2711
G1 Y122.8000
G1 X103.1289
G1 Y136.9421
; feature shells
G1 X109.3000 Y118.8000
G1 Z2.6500 ; z-hop end
G1 E1.0000 F1800 ; e-engage 1
G4 P5
G1 Y101.2000 E0.4598 F4200
G1 X91.7000 E0.4598
G1 Y118.8000 E0.4598
G1 X109.3000 E0.4598
G1 X108.9000 Y118.4000 F12000
G1 Y101.6000 E0.4389 F7200
G1 X92.1000 E0.4389
G1 Y118.4000 E0.4389
G1 X108.9000 E0.4389
G1 X108.5000 Y118.0000 F12000
G1 Y102.0000 E0.4180 F7200
G1 X92.5000 E0.4180
G1 Y118.0000 E0.4180
G1 X108.5000 E0.4180
G1 E-1.0000 F1800 ; e-retract 1
G1 Z3.0500 F12000 ; z-hop start
;LAYER_CHANGE 13 of 24
SET_VELOCITY_LIMIT ACCEL=10000
G1 Z2.8500
; feature shells
G1 X109.3000 Y118.8000
G1 E1.0000 F1800 ; e-engage 1
G4 P5
G1 Y101.2000 E0.4598 F4200
G1 X91.7000 E0.4598
G1 Y118.8000 E0.4598
G1 X109.3000 E0.4598
G1 X108.9000 Y118.4000 F12000
G1 Y101.6000 E0.4389 F7200
G1 X92.1000 E0.4389
G1 Y118.4000 E0.4389
G1 X108.9000 E0.4389
G1 X108.5000 Y118.0000 F12000
G1 Y102.0000 E0.4180 F7200
G1 X92.5000 E0.4180
G1 Y118.0000 E0.4180
G1 X108.5000 E0.4180
G1 E-1.0000 F1800 ; e-retract 1
G1 Z3.2500 F12000 ; z-hop start
; feature purge tower
; CP TOOLCHANGE UNLOAD
G1 E-5 F2700 ; unload
; CP TOOLCHANGE START -> T0
M104 S220
T0
; filament start gcode
SET_PRESSURE_ADVANCE ADVANCE=0.025
G1 E5 F2700 ; load
G92 E0
G1 X103.1289 Y136.9421
G1 Z2.8500 ; z-hop end
G1 E1.0000 F1800 ; e-engage 1
G4 P5
G1 X117.2711 E0.3694 F7200
G1 Y122.8000 E0.3694
G1 X103.1289 E0.3694
G1 Y136.9421 E0.3694
G1 X103.3289 Y136.4108 F12000
G1 X103.6603 Y136.7421 E0.0122 F7200
G1 X104.2260 E0.0148
G1 X103.3289 Y135.8451 E0.0331
G1 Y135.2794 E0.0148
G1 X104.7917 Y136.7421 E0.0540
G1 X105.3574 E0.0148
G1 X103.3289 Y134.7137 E0.0749
G1 Y134.1480 E0.0148
G1 X105.9230 Y136.7421 E0.0958
G1 X106.4887 E0.0148
G1 X103.3289 Y133.5823 E0.1167
G1 Y133.0166 E0.0148
G1 X107.0544 Y136.7421 E0.1376
G1 X107.6201 E0.0148
G1 X103.3289 Y132.4510 E0.1585
G1 Y131.8853 E0.0148
G1 X108.1858 Y136.7421 E0.1794
G1 X108.7515 E0.0148
G1 X103.3289 Y131.3196 E0.2003
G1 Y130.7539 E0.0148
G1 X109.3172 Y136.7421 E0.2212
G1 X109.8828 E0.0148
G1 X103.3289 Y130.1882 E0.2421
G1 Y129.6225 E0.0148
G1 X110.4485 Y136.7421 E0.2630
G1 X111.0142 E0.0148
G1 X103.3289 Y129.0568 E0.2839
G1 Y128.4912 E0.0148
G1 X111.5799 Y136.7421 E0.3048
G1 X112.1456 E0.0148
G1 X103.3289 Y127.9255 E0.3257
G1 Y127.3598 E0.0148
G1 X112.7113 Y136.7421 E0.3466
G1 X113.2770 E0.0148
G1 X103.3289 Y126.7941 E0.3675
G1 Y126.2284 E0.0148
G1 X113.8426 Y136.7421 E0.3884
G1 X114.4083 E0.0148
G1 X103.3289 Y125.6627 E0.4093
G1 Y125.0971 E0.0148
G1 X114.9740 Y136.7421 E0.4302
G1 X115.5397 E0.0148
G1 X103.3289 Y124.5314 E0.4511
G1 Y123.9657 E0.0148
G1 X116.1054 Y136.7421 E0.4720
G1 X116.6711 E0.0148
G1 X103.3289 Y123.4000 E0.4929
G1 X103.4946 Y123.0000 E0.0113
G1 X117.0711 Y136.5764 E0.5016
G1 Y136.0108 E0.0148
G1 X104.0603 Y123.0000 E0.4807
G1 X104.6260 E0.0148
G1 X117.0711 Y135.4451 E0.4598
G1 Y134.8794 E0.0148
G1 X105.1917 Y123.0000 E0.4389
G1 X105.7574 E0.0148
G1 X117.0711 Y134.3137 E0.4180
G1 Y133.7480 E0.0148
G1 X106.3230 Y123.0000 E0.3971
G1 X106.8887 E0.0148
G1 X117.0711 Y133.1823 E0.3762
G1 Y132.6166 E0.0148
G1 X107.4544 Y123.0000 E0.3553
G1 X108.0201 E0.0148
G1 X117.0711 Y132.0510 E0.3344
G1 Y131.4853 E0.0148
G1 X108.5858 Y123.0000 E0.3135
G1 X109.1515 E0.0148
G1 X117.0711 Y130.9196 E0.2926
G1 Y130.3539 E0.0148
G1 X109.7172 Y123.0000 E0.2717
G1 X110.2828 E0.0148
G1 X117.0711 Y129.7882 E0.2508
G1 Y129.2225 E0.0148
G1 X110.8485 Y123.0000 E0.2299
G1 X111.4142 E0.0148
G1 X117.0711 Y128.6568 E0.2090
G1 Y128.0912 E0.0148
G1 X111.9799 Y123.0000 E0.1881
G1 X112.5456 E0.0148
G1 X117.0711 Y127.5255 E0.1672
G1 Y126.9598 E0.0148
G1 X113.1113 Y123.0000 E0.1463
G1 X113.6770 E0.0148
G1 X117.0711 Y126.3941 E0.1254
G1 Y125.8284 E0.0148
G1 X114.2426 Y123.0000 E0.1045
G1 X114.8083 E0.0148
G1 X117.0711 Y125.2627 E0.0836
G1 Y124.6971 E0.0148
G1 X115.3740 Y123.0000 E0.0627
G1 X115.9397 E0.0148
G1 X117.0711 Y124.1314 E0.0418
G1 Y123.5657 E0.0148
G1 X116.5054 Y123.0000 E0.0209
G1 E-1.0000 F1800 ; e-retract 1
G1 Z3.2500 F12000 ; z-hop start
G1 X103.1289 Y136.9421
G1 X117.2711
G1 Y122.8000
G1 X103.1289
G1 Y136.9421
; feature shells
G1 X110.7000 Y118.8000
G1 Z2.8500 ; z-hop end
G1 E1.0000 F1800 ; e-engage 1
G4 P5
G1 X128.3000 E0.4598 F4200
G1 Y101.2000 E0.4598
G1 X110.7000 E0.4598
G1 Y118.8000 E0.4598
G1 X111.1000 Y118.4000 F12000
G1 X127.9000 E0.4389 F7200
G1 Y101.6000 E0.4389
G1 X111.1000 E0.4389
G1 Y118.4000 E0.4389
G1 X111.5000 Y118.0000 F12000
G1 X127.5000 E0.4180 F7200
G1 Y102.0000 E0.4180
G1 X111.5000 E0.4180
G1 Y118.0000 E0.4180
G1 E-1.0000 F1800 ; e-retract 1
G1 Z3.2500 F12000 ; z-hop start
;LAYER_CHANGE 14 of 24
SET_VELOCITY_LIMIT ACCEL=10000
G1 Z3.0500
; feature shells
G1 X110.7000 Y118.8000
G1 E1.0000 F1800 ; e-engage 1
G4 P5
G1 X128.3000 E0.4598 F4200
G1 Y101.2000 E0.4598
G1 X110.7000 E0.4598
G1 Y118.8000 E0.4598
G1 X111.1000 Y118.4000 F12000
G1 X127.9000 E0.4389 F7200
G1 Y101.6000 E0.4389
G1 X111.1000 E0.4389
G1 Y118.4000 E0.4389
G1 X111.5000 Y118.0000 F12000
G1 X127.5000 E0.4180 F7200
G1 Y102.0000 E0.4180
G1 X111.5000 E0.4180
G1 Y118.0000 E0.4180
G1 E-1.0000 F1800 ; e-retract 1
G1 Z3.4500 F12000 ; z-hop start
; feature purge tower
; CP TOOLCHANGE UNLOAD
G1 E-5 F2700 ; unload
; CP TOOLCHANGE START -> T1
M104 S220
T1
; filament start gcode
SET_PRESSURE_ADVANCE ADVANCE=0.025
G1 E5 F2700 ; load
G92 E0
G1 X103.1289 Y136.9421
G1 Z3.0500 ; z-hop end
G1 E1.0000 F1800 ; e-engage 1
G4 P5
G1 X117.2711 E0.3694 F7200
G1 Y122.8000 E0.3694
G1 X103.1289 E0.3694
G1 Y136.9421 E0.3694
G1 X103.3289 Y136.4108 F12000
G1 X103.6603 Y136.7421 E0.0122 F7200
G1 X104.2260 E0.0148
G1 X103.3289 Y135.8451 E0.0331
G1 Y135.2794 E0.0148
G1 X104.7917 Y136.7421 E0.0540
G1 X105.3574 E0.0148
G1 X103.3289 Y134.7137 E0.0749
G1 Y134.1480 E0.0148
G1 X105.9230 Y136.7421 E0.0958
G1 X106.4887 E0.0148
G1 X103.3289 Y133.5823 E0.1167
G1 Y133.0166 E0.0148
G1 X107.0544 Y136.7421 E0.1376
G1 X107.6201 E0.0148
G1 X103.3289 Y132.4510 E0.1585
G1 Y131.8853 E0.0148
G1 X108.1858 Y136.7421 E0.1794
G1 X108.7515 E0.0148
G1 X103.3289 Y131.3196 E0.2003
G1 Y130.7539 E0.0148
G1 X109.3172 Y136.7421 E0.2212
G1 X109.8828 E0.0148
G1 X103.3289 Y130.1882 E0.2421
G1 Y129.6225 E0.0148
G1 X110.4485 Y136.7421 E0.2630
G1 X111.0142 E0.0148
G1 X103.3289 Y129.0568 E0.2839
G1 Y128.4912 E0.0148
G1 X111.5799 Y136.7421 E0.3048
G1 X112.1456 E0.0148
G1 X103.3289 Y127.9255 E0.3257
G1 Y127.3598 E0.0148
G1 X112.7113 Y136.7421 E0.3466
G1 X113.2770 E0.0148
G1 X103.3289 Y126.7941 E0.3675
G1 Y126.2284 E0.0148
G1 X113.8426 Y136.7421 E0.3884
G1 X114.4083 E0.0148
G1 X103.3289 Y125.6627 E0.4093
G1 Y125.0971 E0.0148
G1 X114.9740 Y136.7421 E0.4302
G1 X115.5397 E0.0148
G1 X103.3289 Y124.5314 E0.4511
G1 Y123.9657 E0.0148
G1 X116.1054 Y136.7421 E0.4720
G1 X116.6711 E0.0148
G1 X103.3289 Y123.4000 E0.4929
G1 X103.4946 Y123.0000 E0.0113
G1 X117.0711 Y136.5764 E0.5016
G1 Y136.0108 E0.0148
G1 X104.0603 Y123.0000 E0.4807
G1 X104.6260 E0.0148
G1 X117.0711 Y135.4451 E0.4598
G1 Y134.8794 E0.0148
G1 X105.1917 Y123.0000 E0.4389
G1 X105.7574 E0.0148
G1 X117.0711 Y134.3137 E0.4180
G1 Y133.7480 E0.0148
G1 X106.3230 Y123.0000 E0.3971
G1 X106.8887 E0.0148
G1 X117.0711 Y133.1823 E0.3762
G1 Y132.6166 E0.0148
G1 X107.4544 Y123.0000 E0.3553
G1 X108.0201 E0.0148
G1 X117.0711 Y132.0510 E0.3344
G1 Y131.4853 E0.0148
G1 X108.5858 Y123.0000 E0.3135
G1 X109.1515 E0.0148
G1 X117.0711 Y130.9196 E0.2926
G1 Y130.3539 E0.0148
G1 X109.7172 Y123.0000 E0.2717
G1 X110.2828 E0.0148
G1 X117.0711 Y129.7882 E0.2508
G1 Y129.2225 E0.0148
G1 X110.8485 Y123.0000 E0.2299
G1 X111.4142 E0.0148
G1 X117.0711 Y128.6568 E0.2090
G1 Y128.0912 E0.0148
G1 X111.9799 Y123.0000 E0.1881
G1 X112.5456 E0.0148
G1 X117.0711 Y127.5255 E0.1672
G1 Y126.9598 E0.0148
G1 X113.1113 Y123.0000 E0.1463
G1 X113.6770 E0.0148
G1 X117.0711 Y126.3941 E0.1254
G1 Y125.8284 E0.0148
G1 X114.2426 Y123.0000 E0.1045
G1 X114.8083 E0.0148
G1 X117.0711 Y125.2627 E0.0836
G1 Y124.6971 E0.0148
G1 X115.3740 Y123.0000 E0.0627
G1 X115.9397 E0.0148
G1 X117.0711 Y124.1314 E0.0418
G1 Y123.5657 E0.0148
G1 X116.5054 Y123.0000 E0.0209
G1 E-1.0000 F1800 ; e-retract 1
G1 Z3.4500 F12000 ; z-hop start
G1 X103.1289 Y136.9421
G1 X117.2711
G1 Y122.8000
G1 X103.1289
G1 Y136.9421
; feature shells
G1 X109.3000 Y118.8000
G1 Z3.0500 ; z-hop end
G1 E1.0000 F1800 ; e-engage 1
G4 P5
G1 Y101.2000 E0.4598 F4200
G1 X91.7000 E0.4598
G1 Y118.8000 E0.4598
G1 X109.3000 E0.4598
G1 X108.9000 Y118.4000 F12000
G1 Y101.6000 E0.4389 F7200
G1 X92.1000 E0.4389
G1 Y118.4000 E0.4389
G1 X108.9000 E0.4389
G1 X108.5000 Y118.0000 F12000
G1 Y102.0000 E0.4180 F7200
G1 X92.5000 E0.4180
G1 Y118.0000 E0.4180
G1 X108.5000 E0.4180
G1 E-1.0000 F1800 ; e-retract 1
G1 Z3.4500 F12000 ; z-hop start
;LAYER_CHANGE 15 of 24
SET_VELOCITY_LIMIT ACCEL=10000
G1 Z3.2500
; feature shells
G1 X109.3000 Y118.8000
G1 E1.0000 F1800 ; e-engage 1
G4 P5
G1 Y101.2000 E0.4598 F4200
G1 X91.7000 E0.4598
G1 Y118.8000 E0.4598
G1 X109.3000 E0.4598
G1 X108.9000 Y118.4000 F12000
G1 Y101.6000 E0.4389 F7200
G1 X92.1000 E0.4389
G1 Y118.4000 E0.4389
G1 X108.9000 E0.4389
G1 X108.5000 Y118.0000 F12000
G1 Y102.0000 E0.4180 F7200
G1 X92.5000 E0.4180
G1 Y118.0000 E0.4180
G1 X108.5000 E0.4180
G1 E-1.0000 F1800 ; e-retract 1
G1 Z3.6500 F12000 ; z-hop start
; feature purge tower
; CP TOOLCHANGE UNLOAD
G1 E-5 F2700 ; unload
; CP TOOLCHANGE START -> T0
M104 S220
T0
; filament start gcode
SET_PRESSURE_ADVANCE ADVANCE=0.025
G1 E5 F2700 ; load
G92 E0
G1 X103.1289 Y136.9421
G1 Z3.2500 ; z-hop end
G1 E1.0000 F1800 ; e-engage 1
G4 P5
G1 X117.2711 E0.3694 F7200
G1 Y122.8000 E0.3694
G1 X103.1289 E0.3694
G1 Y136.9421 E0.3694
G1 X103.3289 Y136.4108 F12000
G1 X103.6603 Y136.7421 E0.0122 F7200
G1 X104.2260 E0.0148
G1 X103.3289 Y135.8451 E0.0331
G1 Y135.2794 E0.0148
G1 X104.7917 Y136.7421 E0.0540
G1 X105.3574 E0.0148
G1 X103.3289 Y134.7137 E0.0749
G1 Y134.1480 E0.0148
G1 X105.9230 Y136.7421 E0.0958
G1 X106.4887 E0.0148
G1 X103.3289 Y133.5823 E0.1167
G1 Y133.0166 E0.0148
G1 X107.0544 Y136.7421 E0.1376
G1 X107.6201 E0.0148
G1 X103.3289 Y132.4510 E0.1585
G1 Y131.8853 E0.0148
G1 X108.1858 Y136.7421 E0.1794
G1 X108.7515 E0.0148
G1 X103.3289 Y131.3196 E0.2003
G1 Y130.7539 E0.0148
G1 X109.3172 Y136.7421 E0.2212
G1 X109.8828 E0.0148
G1 X103.3289 Y130.1882 E0.2421
G1 Y129.6225 E0.0148
G1 X110.4485 Y136.7421 E0.2630
G1 X111.0142 E0.0148
G1 X103.3289 Y129.0568 E0.2839
G1 Y128.4912 E0.0148
G1 X111.5799 Y136.7421 E0.3048
G1 X112.1456 E0.0148
G1 X103.3289 Y127.9255 E0.3257
G1 Y127.3598 E0.0148
G1 X112.7113 Y136.7421 E0.3466
G1 X113.2770 E0.0148
G1 X103.3289 Y126.7941 E0.3675
G1 Y126.2284 E0.0148
G1 X113.8426 Y136.7421 E0.3884
G1 X114.4083 E0.0148
G1 X103.3289 Y125.6627 E0.4093
G1 Y125.0971 E0.0148
G1 X114.9740 Y136.7421 E0.4302
G1 X115.5397 E0.0148
G1 X103.3289 Y124.5314 E0.4511
G1 Y123.9657 E0.0148
G1 X116.1054 Y136.7421 E0.4720
G1 X116.6711 E0.0148
G1 X103.3289 Y123.4000 E0.4929
G1 X103.4946 Y123.0000 E0.0113
G1 X117.0711 Y136.5764 E0.5016
G1 Y136.0108 E0.0148
G1 X104.0603 Y123.0000 E0.4807
G1 X104.6260 E0.0148
G1 X117.0711 Y135.4451 E0.4598
G1 Y134.8794 E0.0148
G1 X105.1917 Y123.0000 E0.4389
G1 X105.7574 E0.0148
G1 X117.0711 Y134.3137 E0.4180
G1 Y133.7480 E0.0148
G1 X106.3230 Y123.0000 E0.3971
G1 X106.8887 E0.0148
G1 X117.0711 Y133.1823 E0.3762
G1 Y132.6166 E0.0148
G1 X107.4544 Y123.0000 E0.3553
G1 X108.0201 E0.0148
G1 X117.0711 Y132.0510 E0.3344
G1 Y131.4853 E0.0148
G1 X108.5858 Y123.0000 E0.3135
G1 X109.1515 E0.0148
G1 X117.0711 Y130.9196 E0.2926
G1 Y130.3539 E0.0148
G1 X109.7172 Y123.0000 E0.2717
G1 X110.2828 E0.0148
G1 X117.0711 Y129.7882 E0.2508
G1 Y129.2225 E0.0148
G1 X110.8485 Y123.0000 E0.2299
G1 X111.4142 E0.0148
G1 X117.0711 Y128.6568 E0.2090
G1 Y128.0912 E0.0148
G1 X111.9799 Y123.0000 E0.1881
G1 X112.5456 E0.0148
G1 X117.0711 Y127.5255 E0.1672
G1 Y126.9598 E0.0148
G1 X113.1113 Y123.0000 E0.1463
G1 X113.6770 E0.0148
G1 X117.0711 Y126.3941 E0.1254
G1 Y125.8284 E0.0148
G1 X114.2426 Y123.0000 E0.1045
G1 X114.8083 E0.0148
G1 X117.0711 Y125.2627 E0.0836
G1 Y124.6971 E0.0148
G1 X115.3740 Y123.0000 E0.0627
G1 X115.9397 E0.0148
G1 X117.0711 Y124.1314 E0.0418
G1 Y123.5657 E0.0148
G1 X116.5054 Y123.0000 E0.0209
G1 E-1.0000 F1800 ; e-retract 1
G1 Z3.6500 F12000 ; z-hop start
G1 X103.1289 Y136.9421
G1 X117.2711
G1 Y122.8000
G1 X103.1289
G1 Y136.9421
; feature shells
G1 X110.7000 Y118.8000
G1 Z3.2500 ; z-hop end
G1 E1.0000 F1800 ; e-engage 1
G4 P5
G1 X128.3000 E0.4598 F4200
G1 Y101.2000 E0.4598
G1 X110.7000 E0.4598
G1 Y118.8000 E0.4598
G1 X111.1000 Y118.4000 F12000
G1 X127.9000 E0.4389 F7200
G1 Y101.6000 E0.4389
G1 X111.1000 E0.4389
G1 Y118.4000 E0.4389
G1 X111.5000 Y118.0000 F12000
G1 X127.5000 E0.4180 F7200
G1 Y102.0000 E0.4180
G1 X111.5000 E0.4180
G1 Y118.0000 E0.4180
G1 E-1.0000 F1800 ; e-retract 1
G1 Z3.6500 F12000 ; z-hop start
;LAYER_CHANGE 16 of 24
SET_VELOCITY_LIMIT ACCEL=10000
G1 Z3.4500
; feature shells
G1 X110.7000 Y118.8000
G1 E1.0000 F1800 ; e-engage 1
G4 P5
G1 X128.3000 E0.4598 F4200
G1 Y101.2000 E0.4598
G1 X110.7000 E0.4598
G1 Y118.8000 E0.4598
G1 X111.1000 Y118.4000 F12000
G1 X127.9000 E0.4389 F7200
G1 Y101.6000 E0.4389
G1 X111.1000 E0.4389
G1 Y118.4000 E0.4389
G1 X111.5000 Y118.0000 F12000
G1 X127.5000 E0.4180 F7200
G1 Y102.0000 E0.4180
G1 X111.5000 E0.4180
G1 Y118.0000 E0.4180
G1 E-1.0000 F1800 ; e-retract 1
G1 Z3.8500 F12000 ; z-hop start
; feature purge tower
; CP TOOLCHANGE UNLOAD
G1 E-5 F2700 ; unload
; CP TOOLCHANGE START -> T1
M104 S220
T1
; filament start gcode
SET_PRESSURE_ADVANCE ADVANCE=0.025
G1 E5 F2700 ; load
G92 E0
G1 X103.1289 Y136.9421
G1 Z3.4500 ; z-hop end
G1 E1.0000 F1800 ; e-engage 1
G4 P5
G1 X117.2711 E0.3694 F7200
G1 Y122.8000 E0.3694
G1 X103.1289 E0.3694
G1 Y136.9421 E0.3694
G1 X103.3289 Y136.4108 F12000
G1 X103.6603 Y136.7421 E0.0122 F7200
G1 X104.2260 E0.0148
G1 X103.3289 Y135.8451 E0.0331
G1 Y135.2794 E0.0148
G1 X104.7917 Y136.7421 E0.0540
G1 X105.3574 E0.0148
G1 X103.3289 Y134.7137 E0.0749
G1 Y134.1480 E0.0148
G1 X105.9230 Y136.7421 E0.0958
G1 X106.4887 E0.0148
G1 X103.3289 Y133.5823 E0.1167
G1 Y133.0166 E0.0148
G1 X107.0544 Y136.7421 E0.1376
G1 X107.6201 E0.0148
G1 X103.3289 Y132.4510 E0.1585
G1 Y131.8853 E0.0148
G1 X108.1858 Y136.7421 E0.1794
G1 X108.7515 E0.0148
G1 X103.3289 Y131.3196 E0.2003
G1 Y130.7539 E0.0148
G1 X109.3172 Y136.7421 E0.2212
G1 X109.8828 E0.0148
G1 X103.3289 Y130.1882 E0.2421
G1 Y129.6225 E0.0148
G1 X110.4485 Y136.7421 E0.2630
G1 X111.0142 E0.0148
G1 X103.3289 Y129.0568 E0.2839
G1 Y128.4912 E0.0148
G1 X111.5799 Y136.7421 E0.3048
G1 X112.1456 E0.0148
G1 X103.3289 Y127.9255 E0.3257
G1 Y127.3598 E0.0148
G1 X112.7113 Y136.7421 E0.3466
G1 X113.2770 E0.0148
G1 X103.3289 Y126.7941 E0.3675
G1 Y126.2284 E0.0148
G1 X113.8426 Y136.7421 E0.3884
G1 X114.4083 E0.0148
G1 X103.3289 Y125.6627 E0.4093
G1 Y125.0971 E0.0148
G1 X114.9740 Y136.7421 E0.4302
G1 X115.5397 E0.0148
G1 X103.3289 Y124.5314 E0.4511
G1 Y123.9657 E0.0148
G1 X116.1054 Y136.7421 E0.4720
G1 X116.6711 E0.0148
G1 X103.3289 Y123.4000 E0.4929
G1 X103.4946 Y123.0000 E0.0113
G1 X117.0711 Y136.5764 E0.5016
G1 Y136.0108 E0.0148
G1 X104.0603 Y123.0000 E0.4807
G1 X104.6260 E0.0148
G1 X117.0711 Y135.4451 E0.4598
G1 Y134.8794 E0.0148
G1 X105.1917 Y123.0000 E0.4389
G1 X105.7574 E0.0148
G1 X117.0711 Y134.3137 E0.4180
G1 Y133.7480 E0.0148
G1 X106.3230 Y123.0000 E0.3971
G1 X106.8887 E0.0148
G1 X117.0711 Y133.1823 E0.3762
G1 Y132.6166 E0.0148
G1 X107.4544 Y123.0000 E0.3553
G1 X108.0201 E0.0148
G1 X117.0711 Y132.0510 E0.3344
G1 Y131.4853 E0.0148
G1 X108.5858 Y123.0000 E0.3135
G1 X109.1515 E0.0148
G1 X117.0711 Y130.9196 E0.2926
G1 Y130.3539 E0.0148
G1 X109.7172 Y123.0000 E0.2717
G1 X110.2828 E0.0148
G1 X117.0711 Y129.7882 E0.2508
G1 Y129.2225 E0.0148
G1 X110.8485 Y123.0000 E0.2299
G1 X111.4142 E0.0148
G1 X117.0711 Y128.6568 E0.2090
G1 Y128.0912 E0.0148
G1 X111.9799 Y123.0000 E0.1881
G1 X112.5456 E0.0148
G1 X117.0711 Y127.5255 E0.1672
G1 Y126.9598 E0.0148
G1 X113.1113 Y123.0000 E0.1463
G1 X113.6770 E0.0148
G1 X117.0711 Y126.3941 E0.1254
G1 Y125.8284 E0.0148
G1 X114.2426 Y123.0000 E0.1045
G1 X114.8083 E0.0148
G1 X117.0711 Y125.2627 E0.0836
G1 Y124.6971 E0.0148
G1 X115.3740 Y123.0000 E0.0627
G1 X115.9397 E0.0148
G1 X117.0711 Y124.1314 E0.0418
G1 Y123.5657 E0.0148
G1 X116.5054 Y123.0000 E0.0209
G1 E-1.0000 F1800 ; e-retract 1
G1 Z3.8500 F12000 ; z-hop start
G1 X103.1289 Y136.9421
G1 X117.2711
G1 Y122.8000
G1 X103.1289
G1 Y136.9421
; feature shells
G1 X109.3000 Y118.8000
G1 Z3.4500 ; z-hop end
G1 E1.0000 F1800 ; e-engage 1
G4 P5
G1 Y101.2000 E0.4598 F4200
G1 X91.7000 E0.4598
G1 Y118.8000 E0.4598
G1 X109.3000 E0.4598
G1 X108.9000 Y118.4000 F12000
G1 Y101.6000 E0.4389 F7200
G1 X92.1000 E0.4389
G1 Y118.4000 E0.4389
G1 X108.9000 E0.4389
G1 X108.5000 Y118.0000 F12000
G1 Y102.0000 E0.4180 F7200
G1 X92.5000 E0.4180
G1 Y118.0000 E0.4180
G1 X108.5000 E0.4180
G1 E-1.0000 F1800 ; e-retract 1
G1 Z3.8500 F12000 ; z-hop start
;LAYER_CHANGE 17 of 24
SET_VELOCITY_LIMIT ACCEL=10000
G1 Z3.6500
; feature shells
G1 X109.3000 Y118.8000
G1 E1.0000 F1800 ; e-engage 1
G4 P5
G1 Y101.2000 E0.4598 F4200
G1 X91.7000 E0.4598
G1 Y118.8000 E0.4598
G1 X109.3000 E0.4598
G1 X108.9000 Y118.4000 F12000
G1 Y101.6000 E0.4389 F7200
G1 X92.1000 E0.4389
G1 Y118.4000 E0.4389
G1 X108.9000 E0.4389
G1 X108.5000 Y118.0000 F12000
G1 Y102.0000 E0.4180 F7200
G1 X92.5000 E0.4180
G1 Y118.0000 E0.4180
G1 X108.5000 E0.4180
G1 E-1.0000 F1800 ; e-retract 1
G1 Z4.0500 F12000 ; z-hop start
; feature purge tower
; CP TOOLCHANGE UNLOAD
G1 E-5 F2700 ; unload
; CP TOOLCHANGE START -> T0
M104 S220
T0
; filament start gcode
SET_PRESSURE_ADVANCE ADVANCE=0.025
G1 E5 F2700 ; load
G92 E0
G1 X103.1289 Y136.9421
G1 Z3.6500 ; z-hop end
G1 E1.0000 F1800 ; e-engage 1
G4 P5
G1 X117.2711 E0.3694 F7200
G1 Y122.8000 E0.3694
G1 X103.1289 E0.3694
G1 Y136.9421 E0.3694
G1 X103.3289 Y136.4108 F12000
G1 X103.6603 Y136.7421 E0.0122 F7200
G1 X104.2260 E0.0148
G1 X103.3289 Y135.8451 E0.0331
G1 Y135.2794 E0.0148
G1 X104.7917 Y136.7421 E0.0540
G1 X105.3574 E0.0148
G1 X103.3289 Y134.7137 E0.0749
G1 Y134.1480 E0.0148
G1 X105.9230 Y136.7421 E0.0958
G1 X106.4887 E0.0148
G1 X103.3289 Y133.5823 E0.1167
G1 Y133.0166 E0.0148
G1 X107.0544 Y136.7421 E0.1376
G1 X107.6201 E0.0148
G1 X103.3289 Y132.4510 E0.1585
G1 Y131.8853 E0.0148
G1 X108.1858 Y136.7421 E0.1794
G1 X108.7515 E0.0148
G1 X103.3289 Y131.3196 E0.2003
G1 Y130.7539 E0.0148
G1 X109.3172 Y136.7421 E0.2212
G1 X109.8828 E0.0148
G1 X103.3289 Y130.1882 E0.2421
G1 Y129.6225 E0.0148
G1 X110.4485 Y136.7421 E0.2630
G1 X111.0142 E0.0148
G1 X103.3289 Y129.0568 E0.2839
G1 Y128.4912 E0.0148
G1 X111.5799 Y136.7421 E0.3048
G1 X112.1456 E0.0148
G1 X103.3289 Y127.9255 E0.3257
G1 Y127.3598 E0.0148
G1 X112.7113 Y136.7421 E0.3466
G1 X113.2770 E0.0148
G1 X103.3289 Y126.7941 E0.3675
G1 Y126.2284 E0.0148
G1 X113.8426 Y136.7421 E0.3884
G1 X114.4083 E0.0148
G1 X103.3289 Y125.6627 E0.4093
G1 Y125.0971 E0.0148
G1 X114.9740 Y136.7421 E0.4302
G1 X115.5397 E0.0148
G1 X103.3289 Y124.5314 E0.4511
G1 Y123.9657 E0.0148
G1 X116.1054 Y136.7421 E0.4720
G1 X116.6711 E0.0148
G1 X103.3289 Y123.4000 E0.4929
G1 X103.4946 Y123.0000 E0.0113
G1 X117.0711 Y136.5764 E0.5016
G1 Y136.0108 E0.0148
G1 X104.0603 Y123.0000 E0.4807
G1 X104.6260 E0.0148
G1 X117.0711 Y135.4451 E0.4598
G1 Y134.8794 E0.0148
G1 X105.1917 Y123.0000 E0.4389
G1 X105.7574 E0.0148
G1 X117.0711 Y134.3137 E0.4180
G1 Y133.7480 E0.0148
G1 X106.3230 Y123.0000 E0.3971
G1 X106.8887 E0.0148
G1 X117.0711 Y133.1823 E0.3762
G1 Y132.6166 E0.0148
G1 X107.4544 Y123.0000 E0.3553
G1 X108.0201 E0.0148
G1 X117.0711 Y132.0510 E0.3344
G1 Y131.4853 E0.0148
G1 X108.5858 Y123.0000 E0.3135
G1 X109.1515 E0.0148
G1 X117.0711 Y130.9196 E0.2926
G1 Y130.3539 E0.0148
G1 X109.7172 Y123.0000 E0.2717
G1 X110.2828 E0.0148
G1 X117.0711 Y129.7882 E0.2508
G1 Y129.2225 E0.0148
G1 X110.8485 Y123.0000 E0.2299
G1 X111.4142 E0.0148
G1 X117.0711 Y128.6568 E0.2090
G1 Y128.0912 E0.0148
G1 X111.9799 Y123.0000 E0.1881
G1 X112.5456 E0.0148
G1 X117.0711 Y127.5255 E0.1672
G1 Y126.9598 E0.0148
G1 X113.1113 Y123.0000 E0.1463
G1 X113.6770 E0.0148
G1 X117.0711 Y126.3941 E0.1254
G1 Y125.8284 E0.0148
G1 X114.2426 Y123.0000 E0.1045
G1 X114.8083 E0.0148
G1 X117.0711 Y125.2627 E0.0836
G1 Y124.6971 E0.0148
G1 X115.3740 Y123.0000 E0.0627
G1 X115.9397 E0.0148
G1 X117.0711 Y124.1314 E0.0418
G1 Y123.5657 E0.0148
G1 X116.5054 Y123.0000 E0.0209
G1 E-1.0000 F1800 ; e-retract 1
G1 Z4.0500 F12000 ; z-hop start
G1 X103.1289 Y136.9421
G1 X117.2711
G1 Y122.8000
G1 X103.1289
G1 Y136.9421
; feature shells
G1 X110.7000 Y118.8000
G1 Z3.6500 ; z-hop end
G1 E1.0000 F1800 ; e-engage 1
G4 P5
G1 X128.3000 E0.4598 F4200
G1 Y101.2000 E0.4598
G1 X110.7000 E0.4598
G1 Y118.8000 E0.4598
G1 X111.1000 Y118.4000 F12000
G1 X127.9000 E0.4389 F7200
G1 Y101.6000 E0.4389
G1 X111.1000 E0.4389
G1 Y118.4000 E0.4389
G1 X111.5000 Y118.0000 F12000
G1 X127.5000 E0.4180 F7200
G1 Y102.0000 E0.4180
G1 X111.5000 E0.4180
G1 Y118.0000 E0.4180
G1 E-1.0000 F1800 ; e-retract 1
G1 Z4.0500 F12000 ; z-hop start
;LAYER_CHANGE 18 of 24
SET_VELOCITY_LIMIT ACCEL=10000
G1 Z3.8500
; feature shells
G1 X110.7000 Y118.8000
G1 E1.0000 F1800 ; e-engage 1
G4 P5
G1 X128.3000 E0.4598 F4200
G1 Y101.2000 E0.4598
G1 X110.7000 E0.4598
G1 Y118.8000 E0.4598
G1 X111.1000 Y118.4000 F12000
G1 X127.9000 E0.4389 F7200
G1 Y101.6000 E0.4389
G1 X111.1000 E0.4389
G1 Y118.4000 E0.4389
G1 X111.5000 Y118.0000 F12000
G1 X127.5000 E0.4180 F7200
G1 Y102.0000 E0.4180
G1 X111.5000 E0.4180
G1 Y118.0000 E0.4180
G1 E-1.0000 F1800 ; e-retract 1
G1 Z4.2500 F12000 ; z-hop start
; feature purge tower
; CP TOOLCHANGE UNLOAD
G1 E-5 F2700 ; unload
; CP TOOLCHANGE START -> T1
M104 S220
T1
; filament start gcode
SET_PRESSURE_ADVANCE ADVANCE=0.025
G1 E5 F2700 ; load
G92 E0
G1 X103.1289 Y136.9421
G1 Z3.8500 ; z-hop end
G1 E1.0000 F1800 ; e-engage 1
G4 P5
G1 X117.2711 E0.3694 F7200
G1 Y122.8000 E0.3694
G1 X103.1289 E0.3694
G1 Y136.9421 E0.3694
G1 X103.3289 Y136.4108 F12000
G1 X103.6603 Y136.7421 E0.0122 F7200
G1 X104.2260 E0.0148
G1 X103.3289 Y135.8451 E0.0331
G1 Y135.2794 E0.0148
G1 X104.7917 Y136.7421 E0.0540
G1 X105.3574 E0.0148
G1 X103.3289 Y134.7137 E0.0749
G1 Y134.1480 E0.0148
G1 X105.9230 Y136.7421 E0.0958
G1 X106.4887 E0.0148
G1 X103.3289 Y133.5823 E0.1167
G1 Y133.0166 E0.0148
G1 X107.0544 Y136.7421 E0.1376
G1 X107.6201 E0.0148
G1 X103.3289 Y132.4510 E0.1585
G1 Y131.8853 E0.0148
G1 X108.1858 Y136.7421 E0.1794
G1 X108.7515 E0.0148
G1 X103.3289 Y131.3196 E0.2003
G1 Y130.7539 E0.0148
G1 X109.3172 Y136.7421 E0.2212
G1 X109.8828 E0.0148
G1 X103.3289 Y130.1882 E0.2421
G1 Y129.6225 E0.0148
G1 X110.4485 Y136.7421 E0.2630
G1 X111.0142 E0.0148
G1 X103.3289 Y129.0568 E0.2839
G1 Y128.4912 E0.0148
G1 X111.5799 Y136.7421 E0.3048
G1 X112.1456 E0.0148
G1 X103.3289 Y127.9255 E0.3257
G1 Y127.3598 E0.0148
G1 X112.7113 Y136.7421 E0.3466
G1 X113.2770 E0.0148
G1 X103.3289 Y126.7941 E0.3675
G1 Y126.2284 E0.0148
G1 X113.8426 Y136.7421 E0.3884
G1 X114.4083 E0.0148
G1 X103.3289 Y125.6627 E0.4093
G1 Y125.0971 E0.0148
G1 X114.9740 Y136.7421 E0.4302
G1 X115.5397 E0.0148
G1 X103.3289 Y124.5314 E0.4511
G1 Y123.9657 E0.0148
G1 X116.1054 Y136.7421 E0.4720
G1 X116.6711 E0.0148
G1 X103.3289 Y123.4000 E0.4929
G1 X103.4946 Y123.0000 E0.0113
G1 X117.0711 Y136.5764 E0.5016
G1 Y136.0108 E0.0148
G1 X104.0603 Y123.0000 E0.4807
G1 X104.6260 E0.0148
G1 X117.0711 Y135.4451 E0.4598
G1 Y134.8794 E0.0148
G1 X105.1917 Y123.0000 E0.4389
G1 X105.7574 E0.0148
G1 X117.0711 Y134.3137 E0.4180
G1 Y133.7480 E0.0148
G1 X106.3230 Y123.0000 E0.3971
G1 X106.8887 E0.0148
G1 X117.0711 Y133.1823 E0.3762
G1 Y132.6166 E0.0148
G1 X107.4544 Y123.0000 E0.3553
G1 X108.0201 E0.0148
G1 X117.0711 Y132.0510 E0.3344
G1 Y131.4853 E0.0148
G1 X108.5858 Y123.0000 E0.3135
G1 X109.1515 E0.0148
G1 X117.0711 Y130.9196 E0.2926
G1 Y130.3539 E0.0148
G1 X109.7172 Y123.0000 E0.2717
G1 X110.2828 E0.0148
G1 X117.0711 Y129.7882 E0.2508
G1 Y129.2225 E0.0148
G1 X110.8485 Y123.0000 E0.2299
G1 X111.4142 E0.0148
G1 X117.0711 Y128.6568 E0.2090
G1 Y128.0912 E0.0148
G1 X111.9799 Y123.0000 E0.1881
G1 X112.5456 E0.0148
G1 X117.0711 Y127.5255 E0.1672
G1 Y126.9598 E0.0148
G1 X113.1113 Y123.0000 E0.1463
G1 X113.6770 E0.0148
G1 X117.0711 Y126.3941 E0.1254
G1 Y125.8284 E0.0148
G1 X114.2426 Y123.0000 E0.1045
G1 X114.8083 E0.0148
G1 X117.0711 Y125.2627 E0.0836
G1 Y124.6971 E0.0148
G1 X115.3740 Y123.0000 E0.0627
G1 X115.9397 E0.0148
G1 X117.0711 Y124.1314 E0.0418
G1 Y123.5657 E0.0148
G1 X116.5054 Y123.0000 E0.0209
G1 E-1.0000 F1800 ; e-retract 1
G1 Z4.2500 F12000 ; z-hop start
G1 X103.1289 Y136.9421
G1 X117.2711
G1 Y122.8000
G1 X103.1289
G1 Y136.9421
; feature shells
G1 X109.3000 Y118.8000
G1 Z3.8500 ; z-hop end
G1 E1.0000 F1800 ; e-engage 1
G4 P5
G1 Y101.2000 E0.4598 F4200
G1 X91.7000 E0.4598
G1 Y118.8000 E0.4598
G1 X109.3000 E0.4598
G1 X108.9000 Y118.4000 F12000
G1 Y101.6000 E0.4389 F7200
G1 X92.1000 E0.4389
G1 Y118.4000 E0.4389
G1 X108.9000 E0.4389
G1 X108.5000 Y118.0000 F12000
G1 Y102.0000 E0.4180 F7200
G1 X92.5000 E0.4180
G1 Y118.0000 E0.4180
G1 X108.5000 E0.4180
G1 E-1.0000 F1800 ; e-retract 1
G1 Z4.2500 F12000 ; z-hop start
;LAYER_CHANGE 19 of 24
SET_VELOCITY_LIMIT ACCEL=10000
G1 Z4.0500
; feature shells
G1 X109.3000 Y118.8000
G1 E1.0000 F1800 ; e-engage 1
G4 P5
G1 Y101.2000 E0.4598 F4200
G1 X91.7000 E0.4598
G1 Y118.8000 E0.4598
G1 X109.3000 E0.4598
G1 X108.9000 Y118.4000 F12000
G1 Y101.6000 E0.4389 F7200
G1 X92.1000 E0.4389
G1 Y118.4000 E0.4389
G1 X108.9000 E0.4389
G1 X108.5000 Y118.0000 F12000
G1 Y102.0000 E0.4180 F7200
G1 X92.5000 E0.4180
G1 Y118.0000 E0.4180
G1 X108.5000 E0.4180
G1 E-1.0000 F1800 ; e-retract 1
G1 Z4.4500 F12000 ; z-hop start
; feature purge tower
; CP TOOLCHANGE UNLOAD
G1 E-5 F2700 ; unload
; CP TOOLCHANGE START -> T0
M104 S220
T0
; filament start gcode
SET_PRESSURE_ADVANCE ADVANCE=0.025
G1 E5 F2700 ; load
G92 E0
G1 X103.1289 Y136.9421
G1 Z4.0500 ; z-hop end
G1 E1.0000 F1800 ; e-engage 1
G4 P5
G1 X117.2711 E0.3694 F7200
G1 Y122.8000 E0.3694
G1 X103.1289 E0.3694
G1 Y136.9421 E0.3694
G1 X103.3289 Y136.4108 F12000
G1 X103.6603 Y136.7421 E0.0122 F7200
G1 X104.2260 E0.0148
G1 X103.3289 Y135.8451 E0.0331
G1 Y135.2794 E0.0148
G1 X104.7917 Y136.7421 E0.0540
G1 X105.3574 E0.0148
G1 X103.3289 Y134.7137 E0.0749
G1 Y134.1480 E0.0148
G1 X105.9230 Y136.7421 E0.0958
G1 X106.4887 E0.0148
G1 X103.3289 Y133.5823 E0.1167
G1 Y133.0166 E0.0148
G1 X107.0544 Y136.7421 E0.1376
G1 X107.6201 E0.0148
G1 X103.3289 Y132.4510 E0.1585
G1 Y131.8853 E0.0148
G1 X108.1858 Y136.7421 E0.1794
G1 X108.7515 E0.0148
G1 X103.3289 Y131.3196 E0.2003
G1 Y130.7539 E0.0148
G1 X109.3172 Y136.7421 E0.2212
G1 X109.8828 E0.0148
G1 X103.3289 Y130.1882 E0.2421
G1 Y129.6225 E0.0148
G1 X110.4485 Y136.7421 E0.2630
G1 X111.0142 E0.0148
G1 X103.3289 Y129.0568 E0.2839
G1 Y128.4912 E0.0148
G1 X111.5799 Y136.7421 E0.3048
G1 X112.1456 E0.0148
G1 X103.3289 Y127.9255 E0.3257
G1 Y127.3598 E0.0148
G1 X112.7113 Y136.7421 E0.3466
G1 X113.2770 E0.0148
G1 X103.3289 Y126.7941 E0.3675
G1 Y126.2284 E0.0148
G1 X113.8426 Y136.7421 E0.3884
G1 X114.4083 E0.0148
G1 X103.3289 Y125.6627 E0.4093
G1 Y125.0971 E0.0148
G1 X114.9740 Y136.7421 E0.4302
G1 X115.5397 E0.0148
G1 X103.3289 Y124.5314 E0.4511
G1 Y123.9657 E0.0148
G1 X116.1054 Y136.7421 E0.4720
G1 X116.6711 E0.0148
G1 X103.3289 Y123.4000 E0.4929
G1 X103.4946 Y123.0000 E0.0113
G1 X117.0711 Y136.5764 E0.5016
G1 Y136.0108 E0.0148
G1 X104.0603 Y123.0000 E0.4807
G1 X104.6260 E0.0148
G1 X117.0711 Y135.4451 E0.4598
G1 Y134.8794 E0.0148
G1 X105.1917 Y123.0000 E0.4389
G1 X105.7574 E0.0148
G1 X117.0711 Y134.3137 E0.4180
G1 Y133.7480 E0.0148
G1 X106.3230 Y123.0000 E0.3971
G1 X106.8887 E0.0148
G1 X117.0711 Y133.1823 E0.3762
G1 Y132.6166 E0.0148
G1 X107.4544 Y123.0000 E0.3553
G1 X108.0201 E0.0148
G1 X117.0711 Y132.0510 E0.3344
G1 Y131.4853 E0.0148
G1 X108.5858 Y123.0000 E0.3135
G1 X109.1515 E0.0148
G1 X117.0711 Y130.9196 E0.2926
G1 Y130.3539 E0.0148
G1 X109.7172 Y123.0000 E0.2717
G1 X110.2828 E0.0148
G1 X117.0711 Y129.7882 E0.2508
G1 Y129.2225 E0.0148
G1 X110.8485 Y123.0000 E0.2299
G1 X111.4142 E0.0148
G1 X117.0711 Y128.6568 E0.2090
G1 Y128.0912 E0.0148
G1 X111.9799 Y123.0000 E0.1881
G1 X112.5456 E0.0148
G1 X117.0711 Y127.5255 E0.1672
G1 Y126.9598 E0.0148
G1 X113.1113 Y123.0000 E0.1463
G1 X113.6770 E0.0148
G1 X117.0711 Y126.3941 E0.1254
G1 Y125.8284 E0.0148
G1 X114.2426 Y123.0000 E0.1045
G1 X114.8083 E0.0148
G1 X117.0711 Y125.2627 E0.0836
G1 Y124.6971 E0.0148
G1 X115.3740 Y123.0000 E0.0627
G1 X115.9397 E0.0148
G1 X117.0711 Y124.1314 E0.0418
G1 Y123.5657 E0.0148
G1 X116.5054 Y123.0000 E0.0209
G1 E-1.0000 F1800 ; e-retract 1
G1 Z4.4500 F12000 ; z-hop start
G1 X103.1289 Y136.9421
G1 X117.2711
G1 Y122.8000
G1 X103.1289
G1 Y136.9421
; feature shells
G1 X110.7000 Y118.8000
G1 Z4.0500 ; z-hop end
G1 E1.0000 F1800 ; e-engage 1
G4 P5
G1 X128.3000 E0.4598 F4200
G1 Y101.2000 E0.4598
G1 X110.7000 E0.4598
G1 Y118.8000 E0.4598
G1 X111.1000 Y118.4000 F12000
G1 X127.9000 E0.4389 F7200
G1 Y101.6000 E0.4389
G1 X111.1000 E0.4389
G1 Y118.4000 E0.4389
G1 X111.5000 Y118.0000 F12000
G1 X127.5000 E0.4180 F7200
G1 Y102.0000 E0.4180
G1 X111.5000 E0.4180
G1 Y118.0000 E0.4180
G1 E-1.0000 F1800 ; e-retract 1
G1 Z4.4500 F12000 ; z-hop start
;LAYER_CHANGE 20 of 24
SET_VELOCITY_LIMIT ACCEL=10000
G1 Z4.2500
; feature shells
G1 X110.7000 Y118.8000
G1 E1.0000 F1800 ; e-engage 1
G4 P5
G1 X128.3000 E0.4598 F4200
G1 Y101.2000 E0.4598
G1 X110.7000 E0.4598
G1 Y118.8000 E0.4598
G1 X111.1000 Y118.4000 F12000
G1 X127.9000 E0.4389 F7200
G1 Y101.6000 E0.4389
G1 X111.1000 E0.4389
G1 Y118.4000 E0.4389
G1 X111.5000 Y118.0000 F12000
G1 X127.5000 E0.4180 F7200
G1 Y102.0000 E0.4180
G1 X111.5000 E0.4180
G1 Y118.0000 E0.4180
G1 E-1.0000 F1800 ; e-retract 1
G1 Z4.6500 F12000 ; z-hop start
; feature purge tower
; CP TOOLCHANGE UNLOAD
G1 E-5 F2700 ; unload
; CP TOOLCHANGE START -> T1
M104 S220
T1
; filament start gcode
SET_PRESSURE_ADVANCE ADVANCE=0.025
G1 E5 F2700 ; load
G92 E0
G1 X103.1289 Y136.9421
G1 Z4.2500 ; z-hop end
G1 E1.0000 F1800 ; e-engage 1
G4 P5
G1 X117.2711 E0.3694 F7200
G1 Y122.8000 E0.3694
G1 X103.1289 E0.3694
G1 Y136.9421 E0.3694
G1 X103.3289 Y136.4108 F12000
G1 X103.6603 Y136.7421 E0.0122 F7200
G1 X104.2260 E0.0148
G1 X103.3289 Y135.8451 E0.0331
G1 Y135.2794 E0.0148
G1 X104.7917 Y136.7421 E0.0540
G1 X105.3574 E0.0148
G1 X103.3289 Y134.7137 E0.0749
G1 Y134.1480 E0.0148
G1 X105.9230 Y136.7421 E0.0958
G1 X106.4887 E0.0148
G1 X103.3289 Y133.5823 E0.1167
G1 Y133.0166 E0.0148
G1 X107.0544 Y136.7421 E0.1376
G1 X107.6201 E0.0148
G1 X103.3289 Y132.4510 E0.1585
G1 Y131.8853 E0.0148
G1 X108.1858 Y136.7421 E0.1794
G1 X108.7515 E0.0148
G1 X103.3289 Y131.3196 E0.2003
G1 Y130.7539 E0.0148
G1 X109.3172 Y136.7421 E0.2212
G1 X109.8828 E0.0148
G1 X103.3289 Y130.1882 E0.2421
G1 Y129.6225 E0.0148
G1 X110.4485 Y136.7421 E0.2630
G1 X111.0142 E0.0148
G1 X103.3289 Y129.0568 E0.2839
G1 Y128.4912 E0.0148
G1 X111.5799 Y136.7421 E0.3048
G1 X112.1456 E0.0148
G1 X103.3289 Y127.9255 E0.3257
G1 Y127.3598 E0.0148
G1 X112.7113 Y136.7421 E0.3466
G1 X113.2770 E0.0148
G1 X103.3289 Y126.7941 E0.3675
G1 Y126.2284 E0.0148
G1 X113.8426 Y136.7421 E0.3884
G1 X114.4083 E0.0148
G1 X103.3289 Y125.6627 E0.4093
G1 Y125.0971 E0.0148
G1 X114.9740 Y136.7421 E0.4302
G1 X115.5397 E0.0148
G1 X103.3289 Y124.5314 E0.4511
G1 Y123.9657 E0.0148
G1 X116.1054 Y136.7421 E0.4720
G1 X116.6711 E0.0148
G1 X103.3289 Y123.4000 E0.4929
G1 X103.4946 Y123.0000 E0.0113
G1 X117.0711 Y136.5764 E0.5016
G1 Y136.0108 E0.0148
G1 X104.0603 Y123.0000 E0.4807
G1 X104.6260 E0.0148
G1 X117.0711 Y135.4451 E0.4598
G1 Y134.8794 E0.0148
G1 X105.1917 Y123.0000 E0.4389
G1 X105.7574 E0.0148
G1 X117.0711 Y134.3137 E0.4180
G1 Y133.7480 E0.0148
G1 X106.3230 Y123.0000 E0.3971
G1 X106.8887 E0.0148
G1 X117.0711 Y133.1823 E0.3762
G1 Y132.6166 E0.0148
G1 X107.4544 Y123.0000 E0.3553
G1 X108.0201 E0.0148
G1 X117.0711 Y132.0510 E0.3344
G1 Y131.4853 E0.0148
G1 X108.5858 Y123.0000 E0.3135
G1 X109.1515 E0.0148
G1 X117.0711 Y130.9196 E0.2926
G1 Y130.3539 E0.0148
G1 X109.7172 Y123.0000 E0.2717
G1 X110.2828 E0.0148
G1 X117.0711 Y129.7882 E0.2508
G1 Y129.2225 E0.0148
G1 X110.8485 Y123.0000 E0.2299
G1 X111.4142 E0.0148
G1 X117.0711 Y128.6568 E0.2090
G1 Y128.0912 E0.0148
G1 X111.9799 Y123.0000 E0.1881
G1 X112.5456 E0.0148
G1 X117.0711 Y127.5255 E0.1672
G1 Y126.9598 E0.0148
G1 X113.1113 Y123.0000 E0.1463
G1 X113.6770 E0.0148
G1 X117.0711 Y126.3941 E0.1254
G1 Y125.8284 E0.0148
G1 X114.2426 Y123.0000 E0.1045
G1 X114.8083 E0.0148
G1 X117.0711 Y125.2627 E0.0836
G1 Y124.6971 E0.0148
G1 X115.3740 Y123.0000 E0.0627
G1 X115.9397 E0.0148
G1 X117.0711 Y124.1314 E0.0418
G1 Y123.5657 E0.0148
G1 X116.5054 Y123.0000 E0.0209
G1 E-1.0000 F1800 ; e-retract 1
G1 Z4.6500 F12000 ; z-hop start
G1 X103.1289 Y136.9421
G1 X117.2711
G1 Y122.8000
G1 X103.1289
G1 Y136.9421
; feature shells
G1 X109.3000 Y118.8000
G1 Z4.2500 ; z-hop end
G1 E1.0000 F1800 ; e-engage 1
G4 P5
G1 Y101.2000 E0.4598 F4200
G1 X91.7000 E0.4598
G1 Y118.8000 E0.4598
G1 X109.3000 E0.4598
G1 X108.9000 Y118.4000 F12000
G1 Y101.6000 E0.4389 F7200
G1 X92.1000 E0.4389
G1 Y118.4000 E0.4389
G1 X108.9000 E0.4389
G1 X108.5000 Y118.0000 F12000
G1 Y102.0000 E0.4180 F7200
G1 X92.5000 E0.4180
G1 Y118.0000 E0.4180
G1 X108.5000 E0.4180
G1 E-1.0000 F1800 ; e-retract 1
G1 Z4.6500 F12000 ; z-hop start
;LAYER_CHANGE 21 of 24
SET_VELOCITY_LIMIT ACCEL=10000
G1 Z4.4500
; feature shells
G1 X109.3000 Y118.8000
G1 E1.0000 F1800 ; e-engage 1
G4 P5
G1 Y101.2000 E0.4598 F4200
G1 X91.7000 E0.4598
G1 Y118.8000 E0.4598
G1 X109.3000 E0.4598
G1 X108.9000 Y118.4000 F12000
G1 Y101.6000 E0.4389 F7200
G1 X92.1000 E0.4389
G1 Y118.4000 E0.4389
G1 X108.9000 E0.4389
G1 X108.5000 Y118.0000 F12000
G1 Y102.0000 E0.4180 F7200
G1 X92.5000 E0.4180
G1 Y118.0000 E0.4180
G1 X108.5000 E0.4180
G1 E-1.0000 F1800 ; e-retract 1
G1 Z4.8500 F12000 ; z-hop start
; feature solid fill
G1 X93.3057 Y102.2400
G1 Z4.4500 ; z-hop end
G1 E1.0000 F1800 ; e-engage 1
G4 P5
G1 X92.7400 Y102.8057 E0.0209 F7200
G1 Y103.3714 E0.0148
G1 X93.8714 Y102.2400 E0.0418
G1 X94.4371 E0.0148
G1 X92.7400 Y103.9371 E0.0627
G1 Y104.5027 E0.0148
G1 X95.0027 Y102.2400 E0.0836
G1 X95.5684 E0.0148
G1 X92.7400 Y105.0684 E0.1045
G1 Y105.6341 E0.0148
G1 X96.1341 Y102.2400 E0.1254
G1 X96.6998 E0.0148
G1 X92.7400 Y106.1998 E0.1463
G1 Y106.7655 E0.0148
G1 X97.2655 Y102.2400 E0.1672
G1 X97.8312 E0.0148
G1 X92.7400 Y107.3312 E0.1881
G1 Y107.8969 E0.0148
G1 X98.3969 Y102.2400 E0.2090
G1 X98.9625 E0.0148
G1 X92.7400 Y108.4625 E0.2299
G1 Y109.0282 E0.0148
G1 X99.5282 Y102.2400 E0.2508
G1 X100.0939 E0.0148
G1 X92.7400 Y109.5939 E0.2717
G1 Y110.1596 E0.0148
G1 X100.6596 Y102.2400 E0.2926
G1 X101.2253 E0.0148
G1 X92.7400 Y110.7253 E0.3135
G1 Y111.2910 E0.0148
G1 X101.7910 Y102.2400 E0.3344
G1 X102.3567 E0.0148
G1 X92.7400 Y111.8567 E0.3553
G1 Y112.4223 E0.0148
G1 X102.9223 Y102.2400 E0.3762
G1 X103.4880 E0.0148
G1 X92.7400 Y112.9880 E0.3971
G1 Y113.5537 E0.0148
G1 X104.0537 Y102.2400 E0.4180
G1 X104.6194 E0.0148
G1 X92.7400 Y114.1194 E0.4389
G1 Y114.6851 E0.0148
G1 X105.1851 Y102.2400 E0.4598
G1 X105.7508 E0.0148
G1 X92.7400 Y115.2508 E0.4807
G1 Y115.8165 E0.0148
G1 X106.3165 Y102.2400 E0.5016
G1 X106.8821 E0.0148
G1 X92.7400 Y116.3821 E0.5224
G1 Y116.9478 E0.0148
G1 X107.4478 Y102.2400 E0.5433
G1 X108.0135 E0.0148
G1 X92.7400 Y117.5135 E0.5642
G1 X93.0592 Y117.7600 E0.0105
G1 X108.2600 Y102.5592 E0.5616
G1 Y103.1249 E0.0148
G1 X93.6249 Y117.7600 E0.5407
G1 X94.1906 E0.0148
G1 X108.2600 Y103.6906 E0.5198
G1 Y104.2562 E0.0148
G1 X94.7563 Y117.7600 E0.4989
G1 X95.3219 E0.0148
G1 X108.2600 Y104.8219 E0.4780
G1 Y105.3876 E0.0148
G1 X95.8876 Y117.7600 E0.4571
G1 X96.4533 E0.0148
G1 X108.2600 Y105.9533 E0.4362
G1 Y106.5190 E0.0148
G1 X97.0190 Y117.7600 E0.4153
G1 X97.5847 E0.0148
G1 X108.2600 Y107.0847 E0.3944
G1 Y107.6504 E0.0148
G1 X98.1504 Y117.7600 E0.3735
G1 X98.7161 E0.0148
G1 X108.2600 Y108.2160 E0.3526
G1 Y108.7817 E0.0148
G1 X99.2817 Y117.7600 E0.3317
G1 X99.8474 E0.0148
G1 X108.2600 Y109.3474 E0.3108
G1 Y109.9131 E0.0148
G1 X100.4131 Y117.7600 E0.2899
G1 X100.9788 E0.0148
G1 X108.2600 Y110.4788 E0.2690
G1 Y111.0445 E0.0148
G1 X101.5445 Y117.7600 E0.2481
G1 X102.1102 E0.0148
G1 X108.2600 Y111.6102 E0.2272
G1 Y112.1758 E0.0148
G1 X102.6758 Y117.7600 E0.2063
G1 X103.2415 E0.0148
G1 X108.2600 Y112.7415 E0.1854
G1 Y113.3072 E0.0148
G1 X103.8072 Y117.7600 E0.1645
G1 X104.3729 E0.0148
G1 X108.2600 Y113.8729 E0.1436
G1 Y114.4386 E0.0148
G1 X104.9386 Y117.7600 E0.1227
G1 X105.5043 E0.0148
G1 X108.2600 Y115.0043 E0.1018
G1 Y115.5700 E0.0148
G1 X106.0700 Y117.7600 E0.0809
G1 X106.6356 E0.0148
G1 X108.2600 Y116.1356 E0.0600
G1 Y116.7013 E0.0148
G1 X107.2013 Y117.7600 E0.0391
G1 X108.0135 Y117.5135 E0.0222
G1 E-1.0000 F1800 ; e-retract 1
G1 Z4.8500 F12000 ; z-hop start
; feature purge tower
; CP TOOLCHANGE UNLOAD
G1 E-5 F2700 ; unload
; CP TOOLCHANGE START -> T0
M104 S220
T0
; filament start gcode
SET_PRESSURE_ADVANCE ADVANCE=0.025
G1 E5 F2700 ; load
G92 E0
G1 X103.1289 Y136.9421
G1 Z4.4500 ; z-hop end
G1 E1.0000 F1800 ; e-engage 1
G4 P5
G1 X117.2711 E0.3694 F7200
G1 Y122.8000 E0.3694
G1 X103.1289 E0.3694
G1 Y136.9421 E0.3694
G1 X103.3289 Y136.4108 F12000
G1 X103.6603 Y136.7421 E0.0122 F7200
G1 X104.2260 E0.0148
G1 X103.3289 Y135.8451 E0.0331
G1 Y135.2794 E0.0148
G1 X104.7917 Y136.7421 E0.0540
G1 X105.3574 E0.0148
G1 X103.3289 Y134.7137 E0.0749
G1 Y134.1480 E0.0148
G1 X105.9230 Y136.7421 E0.0958
G1 X106.4887 E0.0148
G1 X103.3289 Y133.5823 E0.1167
G1 Y133.0166 E0.0148
G1 X107.0544 Y136.7421 E0.1376
G1 X107.6201 E0.0148
G1 X103.3289 Y132.4510 E0.1585
G1 Y131.8853 E0.0148
G1 X108.1858 Y136.7421 E0.1794
G1 X108.7515 E0.0148
G1 X103.3289 Y131.3196 E0.2003
G1 Y130.7539 E0.0148
G1 X109.3172 Y136.7421 E0.2212
G1 X109.8828 E0.0148
G1 X103.3289 Y130.1882 E0.2421
G1 Y129.6225 E0.0148
G1 X110.4485 Y136.7421 E0.2630
G1 X111.0142 E0.0148
G1 X103.3289 Y129.0568 E0.2839
G1 Y128.4912 E0.0148
G1 X111.5799 Y136.7421 E0.3048
G1 X112.1456 E0.0148
G1 X103.3289 Y127.9255 E0.3257
G1 Y127.3598 E0.0148
G1 X112.7113 Y136.7421 E0.3466
G1 X113.2770 E0.0148
G1 X103.3289 Y126.7941 E0.3675
G1 Y126.2284 E0.0148
G1 X113.8426 Y136.7421 E0.3884
G1 X114.4083 E0.0148
G1 X103.3289 Y125.6627 E0.4093
G1 Y125.0971 E0.0148
G1 X114.9740 Y136.7421 E0.4302
G1 X115.5397 E0.0148
G1 X103.3289 Y124.5314 E0.4511
G1 Y123.9657 E0.0148
G1 X116.1054 Y136.7421 E0.4720
G1 X116.6711 E0.0148
G1 X103.3289 Y123.4000 E0.4929
G1 X103.4946 Y123.0000 E0.0113
G1 X117.0711 Y136.5764 E0.5016
G1 Y136.0108 E0.0148
G1 X104.0603 Y123.0000 E0.4807
G1 X104.6260 E0.0148
G1 X117.0711 Y135.4451 E0.4598
G1 Y134.8794 E0.0148
G1 X105.1917 Y123.0000 E0.4389
G1 X105.7574 E0.0148
G1 X117.0711 Y134.3137 E0.4180
G1 Y133.7480 E0.0148
G1 X106.3230 Y123.0000 E0.3971
G1 X106.8887 E0.0148
G1 X117.0711 Y133.1823 E0.3762
G1 Y132.6166 E0.0148
G1 X107.4544 Y123.0000 E0.3553
G1 X108.0201 E0.0148
G1 X117.0711 Y132.0510 E0.3344
G1 Y131.4853 E0.0148
G1 X108.5858 Y123.0000 E0.3135
G1 X109.1515 E0.0148
G1 X117.0711 Y130.9196 E0.2926
G1 Y130.3539 E0.0148
G1 X109.7172 Y123.0000 E0.2717
G1 X110.2828 E0.0148
G1 X117.0711 Y129.7882 E0.2508
G1 Y129.2225 E0.0148
G1 X110.8485 Y123.0000 E0.2299
G1 X111.4142 E0.0148
G1 X117.0711 Y128.6568 E0.2090
G1 Y128.0912 E0.0148
G1 X111.9799 Y123.0000 E0.1881
G1 X112.5456 E0.0148
G1 X117.0711 Y127.5255 E0.1672
G1 Y126.9598 E0.0148
G1 X113.1113 Y123.0000 E0.1463
G1 X113.6770 E0.0148
G1 X117.0711 Y126.3941 E0.1254
G1 Y125.8284 E0.0148
G1 X114.2426 Y123.0000 E0.1045
G1 X114.8083 E0.0148
G1 X117.0711 Y125.2627 E0.0836
G1 Y124.6971 E0.0148
G1 X115.3740 Y123.0000 E0.0627
G1 X115.9397 E0.0148
G1 X117.0711 Y124.1314 E0.0418
G1 Y123.5657 E0.0148
G1 X116.5054 Y123.0000 E0.0209
G1 E-1.0000 F1800 ; e-retract 1
G1 Z4.8500 F12000 ; z-hop start
G1 X103.1289 Y136.9421
G1 X117.2711
G1 Y122.8000
G1 X103.1289
G1 Y136.9421
; feature shells
G1 X110.7000 Y118.8000
G1 Z4.4500 ; z-hop end
G1 E1.0000 F1800 ; e-engage 1
G4 P5
G1 X128.3000 E0.4598 F4200
G1 Y101.2000 E0.4598
G1 X110.7000 E0.4598
G1 Y118.8000 E0.4598
G1 X111.1000 Y118.4000 F12000
G1 X127.9000 E0.4389 F7200
G1 Y101.6000 E0.4389
G1 X111.1000 E0.4389
G1 Y118.4000 E0.4389
G1 X111.5000 Y118.0000 F12000
G1 X127.5000 E0.4180 F7200
G1 Y102.0000 E0.4180
G1 X111.5000 E0.4180
G1 Y118.0000 E0.4180
G1 E-1.0000 F1800 ; e-retract 1
G1 Z4.8500 F12000 ; z-hop start
; feature solid fill
G1 X112.3057 Y102.2400
G1 Z4.4500 ; z-hop end
G1 E1.0000 F1800 ; e-engage 1
G4 P5
G1 X111.7400 Y102.8057 E0.0209 F7200
G1 Y103.3714 E0.0148
G1 X112.8714 Y102.2400 E0.0418
G1 X113.4371 E0.0148
G1 X111.7400 Y103.9371 E0.0627
G1 Y104.5027 E0.0148
G1 X114.0027 Y102.2400 E0.0836
G1 X114.5684 E0.0148
G1 X111.7400 Y105.0684 E0.1045
G1 Y105.6341 E0.0148
G1 X115.1341 Y102.2400 E0.1254
G1 X115.6998 E0.0148
G1 X111.7400 Y106.1998 E0.1463
G1 Y106.7655 E0.0148
G1 X116.2655 Y102.2400 E0.1672
G1 X116.8312 E0.0148
G1 X111.7400 Y107.3312 E0.1881
G1 Y107.8969 E0.0148
G1 X117.3969 Y102.2400 E0.2090
G1 X117.9625 E0.0148
G1 X111.7400 Y108.4625 E0.2299
G1 Y109.0282 E0.0148
G1 X118.5282 Y102.2400 E0.2508
G1 X119.0939 E0.0148
G1 X111.7400 Y109.5939 E0.2717
G1 Y110.1596 E0.0148
G1 X119.6596 Y102.2400 E0.2926
G1 X120.2253 E0.0148
G1 X111.7400 Y110.7253 E0.3135
G1 Y111.2910 E0.0148
G1 X120.7910 Y102.2400 E0.3344
G1 X121.3567 E0.0148
G1 X111.7400 Y111.8567 E0.3553
G1 Y112.4223 E0.0148
G1 X121.9223 Y102.2400 E0.3762
G1 X122.4880 E0.0148
G1 X111.7400 Y112.9880 E0.3971
G1 Y113.5537 E0.0148
G1 X123.0537 Y102.2400 E0.4180
G1 X123.6194 E0.0148
G1 X111.7400 Y114.1194 E0.4389
G1 Y114.6851 E0.0148
G1 X124.1851 Y102.2400 E0.4598
G1 X124.7508 E0.0148
G1 X111.7400 Y115.2508 E0.4807
G1 Y115.8165 E0.0148
G1 X125.3165 Y102.2400 E0.5016
G1 X125.8821 E0.0148
G1 X111.7400 Y116.3821 E0.5224
G1 Y116.9478 E0.0148
G1 X126.4478 Y102.2400 E0.5433
G1 X127.0135 E0.0148
G1 X111.7400 Y117.5135 E0.5642
G1 X112.0592 Y117.7600 E0.0105
G1 X127.2600 Y102.5592 E0.5616
G1 Y103.1249 E0.0148
G1 X112.6249 Y117.7600 E0.5407
G1 X113.1906 E0.0148
G1 X127.2600 Y103.6906 E0.5198
G1 Y104.2562 E0.0148
G1 X113.7563 Y117.7600 E0.4989
G1 X114.3219 E0.0148
G1 X127.2600 Y104.8219 E0.4780
G1 Y105.3876 E0.0148
G1 X114.8876 Y117.7600 E0.4571
G1 X115.4533 E0.0148
G1 X127.2600 Y105.9533 E0.4362
G1 Y106.5190 E0.0148
G1 X116.0190 Y117.7600 E0.4153
G1 X116.5847 E0.0148
G1 X127.2600 Y107.0847 E0.3944
G1 Y107.6504 E0.0148
G1 X117.1504 Y117.7600 E0.3735
G1 X117.7161 E0.0148
G1 X127.2600 Y108.2160 E0.3526
G1 Y108.7817 E0.0148
G1 X118.2817 Y117.7600 E0.3317
G1 X118.8474 E0.0148
G1 X127.2600 Y109.3474 E0.3108
G1 Y109.9131 E0.0148
G1 X119.4131 Y117.7600 E0.2899
G1 X119.9788 E0.0148
G1 X127.2600 Y110.4788 E0.2690
G1 Y111.0445 E0.0148
G1 X120.5445 Y117.7600 E0.2481
G1 X121.1102 E0.0148
G1 X127.2600 Y111.6102 E0.2272
G1 Y112.1758 E0.0148
G1 X121.6758 Y117.7600 E0.2063
G1 X122.2415 E0.0148
G1 X127.2600 Y112.7415 E0.1854
G1 Y113.3072 E0.0148
G1 X122.8072 Y117.7600 E0.1645
G1 X123.3729 E0.0148
G1 X127.2600 Y113.8729 E0.1436
G1 Y114.4386 E0.0148
G1 X123.9386 Y117.7600 E0.1227
G1 X124.5043 E0.0148
G1 X127.2600 Y115.0043 E0.1018
G1 Y115.5700 E0.0148
G1 X125.0700 Y117.7600 E0.0809
G1 X125.6356 E0.0148
G1 X127.2600 Y116.1356 E0.0600
G1 Y116.7013 E0.0148
G1 X126.2013 Y117.7600 E0.0391
G1 X127.0135 Y117.5135 E0.0222
G1 E-1.0000 F1800 ; e-retract 1
G1 Z4.8500 F12000 ; z-hop start
;LAYER_CHANGE 22 of 24
SET_VELOCITY_LIMIT ACCEL=10000
G1 Z4.6500
; feature shells
G1 X128.3000 Y118.8000
G1 E1.0000 F1800 ; e-engage 1
G4 P5
G1 Y101.2000 E0.4598 F4200
G1 X110.7000 E0.4598
G1 Y118.8000 E0.4598
G1 X128.3000 E0.4598
G1 X127.9000 Y118.4000 F12000
G1 Y101.6000 E0.4389 F7200
G1 X111.1000 E0.4389
G1 Y118.4000 E0.4389
G1 X127.9000 E0.4389
G1 X127.5000 Y118.0000 F12000
G1 Y102.0000 E0.4180 F7200
G1 X111.5000 E0.4180
G1 Y118.0000 E0.4180
G1 X127.5000 E0.4180
G1 E-1.0000 F1800 ; e-retract 1
G1 Z5.0500 F12000 ; z-hop start
; feature solid fill
G1 X127.2600 Y102.8057
G1 Z4.6500 ; z-hop end
G1 E1.0000 F1800 ; e-engage 1
G4 P5
G1 X126.6943 Y102.2400 E0.0209 F7200
G1 X126.1286 E0.0148
G1 X127.2600 Y103.3714 E0.0418
G1 Y103.9371 E0.0148
G1 X125.5629 Y102.2400 E0.0627
G1 X124.9973 E0.0148
G1 X127.2600 Y104.5027 E0.0836
G1 Y105.0684 E0.0148
G1 X124.4316 Y102.2400 E0.1045
G1 X123.8659 E0.0148
G1 X127.2600 Y105.6341 E0.1254
G1 Y106.1998 E0.0148
G1 X123.3002 Y102.2400 E0.1463
G1 X122.7345 E0.0148
G1 X127.2600 Y106.7655 E0.1672
G1 Y107.3312 E0.0148
G1 X122.1688 Y102.2400 E0.1881
G1 X121.6031 E0.0148
G1 X127.2600 Y107.8969 E0.2090
G1 Y108.4625 E0.0148
G1 X121.0375 Y102.2400 E0.2299
G1 X120.4718 E0.0148
G1 X127.2600 Y109.0282 E0.2508
G1 Y109.5939 E0.0148
G1 X119.9061 Y102.2400 E0.2717
G1 X119.3404 E0.0148
G1 X127.2600 Y110.1596 E0.2926
G1 Y110.7253 E0.0148
G1 X118.7747 Y102.2400 E0.3135
G1 X118.2090 E0.0148
G1 X127.2600 Y111.2910 E0.3344
G1 Y111.8567 E0.0148
G1 X117.6433 Y102.2400 E0.3553
G1 X117.0777 E0.0148
G1 X127.2600 Y112.4223 E0.3762
G1 Y112.9880 E0.0148
G1 X116.5120 Y102.2400 E0.3971
G1 X115.9463 E0.0148
G1 X127.2600 Y113.5537 E0.4180
G1 Y114.1194 E0.0148
G1 X115.3806 Y102.2400 E0.4389
G1 X114.8149 E0.0148
G1 X127.2600 Y114.6851 E0.4598
G1 Y115.2508 E0.0148
G1 X114.2492 Y102.2400 E0.4807
G1 X113.6835 E0.0148
G1 X127.2600 Y115.8165 E0.5016
G1 Y116.3821 E0.0148
G1 X113.1179 Y102.2400 E0.5224
G1 X112.5522 E0.0148
G1 X127.2600 Y116.9478 E0.5433
G1 Y117.5135 E0.0148
G1 X111.9865 Y102.2400 E0.5642
G1 X111.7400 Y102.5592 E0.0105
G1 X126.9408 Y117.7600 E0.5616
G1 X126.3751 E0.0148
G1 X111.7400 Y103.1249 E0.5407
G1 Y103.6906 E0.0148
G1 X125.8094 Y117.7600 E0.5198
G1 X125.2437 E0.0148
G1 X111.7400 Y104.2562 E0.4989
G1 Y104.8219 E0.0148
G1 X124.6781 Y117.7600 E0.4780
G1 X124.1124 E0.0148
G1 X111.7400 Y105.3876 E0.4571
G1 Y105.9533 E0.0148
G1 X123.5467 Y117.7600 E0.4362
G1 X122.9810 E0.0148
G1 X111.7400 Y106.5190 E0.4153
G1 Y107.0847 E0.0148
G1 X122.4153 Y117.7600 E0.3944
G1 X121.8496 E0.0148
G1 X111.7400 Y107.6504 E0.3735
G1 Y108.2160 E0.0148
G1 X121.2839 Y117.7600 E0.3526
G1 X120.7183 E0.0148
G1 X111.7400 Y108.7817 E0.3317
G1 Y109.3474 E0.0148
G1 X120.1526 Y117.7600 E0.3108
G1 X119.5869 E0.0148
G1 X111.7400 Y109.9131 E0.2899
G1 Y110.4788 E0.0148
G1 X119.0212 Y117.7600 E0.2690
G1 X118.4555 E0.0148
G1 X111.7400 Y111.0445 E0.2481
G1 Y111.6102 E0.0148
G1 X117.8898 Y117.7600 E0.2272
G1 X117.3242 E0.0148
G1 X111.7400 Y112.1758 E0.2063
G1 Y112.7415 E0.0148
G1 X116.7585 Y117.7600 E0.1854
G1 X116.1928 E0.0148
G1 X111.7400 Y113.3072 E0.1645
G1 Y113.8729 E0.0148
G1 X115.6271 Y117.7600 E0.1436
G1 X115.0614 E0.0148
G1 X111.7400 Y114.4386 E0.1227
G1 Y115.0043 E0.0148
G1 X114.4957 Y117.7600 E0.1018
G1 X113.9300 E0.0148
G1 X111.7400 Y115.5700 E0.0809
G1 Y116.1356 E0.0148
G1 X113.3644 Y117.7600 E0.0600
G1 X112.7987 E0.0148
G1 X111.7400 Y116.7013 E0.0391
G1 X111.9865 Y117.5135 E0.0222
G1 E-1.0000 F1800 ; e-retract 1
G1 Z5.0500 F12000 ; z-hop start
; feature purge tower
; CP TOOLCHANGE UNLOAD
G1 E-5 F2700 ; unload
; CP TOOLCHANGE START -> T1
M104 S220
T1
; filament start gcode
SET_PRESSURE_ADVANCE ADVANCE=0.025
G1 E5 F2700 ; load
G92 E0
G1 X103.1289 Y136.9421
G1 Z4.6500 ; z-hop end
G1 E1.0000 F1800 ; e-engage 1
G4 P5
G1 X117.2711 E0.3694 F7200
G1 Y122.8000 E0.3694
G1 X103.1289 E0.3694
G1 Y136.9421 E0.3694
G1 X103.3289 Y136.4108 F12000
G1 X103.6603 Y136.7421 E0.0122 F7200
G1 X104.2260 E0.0148
G1 X103.3289 Y135.8451 E0.0331
G1 Y135.2794 E0.0148
G1 X104.7917 Y136.7421 E0.0540
G1 X105.3574 E0.0148
G1 X103.3289 Y134.7137 E0.0749
G1 Y134.1480 E0.0148
G1 X105.9230 Y136.7421 E0.0958
G1 X106.4887 E0.0148
G1 X103.3289 Y133.5823 E0.1167
G1 Y133.0166 E0.0148
G1 X107.0544 Y136.7421 E0.1376
G1 X107.6201 E0.0148
G1 X103.3289 Y132.4510 E0.1585
G1 Y131.8853 E0.0148
G1 X108.1858 Y136.7421 E0.1794
G1 X108.7515 E0.0148
G1 X103.3289 Y131.3196 E0.2003
G1 Y130.7539 E0.0148
G1 X109.3172 Y136.7421 E0.2212
G1 X109.8828 E0.0148
G1 X103.3289 Y130.1882 E0.2421
G1 Y129.6225 E0.0148
G1 X110.4485 Y136.7421 E0.2630
G1 X111.0142 E0.0148
G1 X103.3289 Y129.0568 E0.2839
G1 Y128.4912 E0.0148
G1 X111.5799 Y136.7421 E0.3048
G1 X112.1456 E0.0148
G1 X103.3289 Y127.9255 E0.3257
G1 Y127.3598 E0.0148
G1 X112.7113 Y136.7421 E0.3466
G1 X113.2770 E0.0148
G1 X103.3289 Y126.7941 E0.3675
G1 Y126.2284 E0.0148
G1 X113.8426 Y136.7421 E0.3884
G1 X114.4083 E0.0148
G1 X103.3289 Y125.6627 E0.4093
G1 Y125.0971 E0.0148
G1 X114.9740 Y136.7421 E0.4302
G1 X115.5397 E0.0148
G1 X103.3289 Y124.5314 E0.4511
G1 Y123.9657 E0.0148
G1 X116.1054 Y136.7421 E0.4720
G1 X116.6711 E0.0148
G1 X103.3289 Y123.4000 E0.4929
G1 X103.4946 Y123.0000 E0.0113
G1 X117.0711 Y136.5764 E0.5016
G1 Y136.0108 E0.0148
G1 X104.0603 Y123.0000 E0.4807
G1 X104.6260 E0.0148
G1 X117.0711 Y135.4451 E0.4598
G1 Y134.8794 E0.0148
G1 X105.1917 Y123.0000 E0.4389
G1 X105.7574 E0.0148
G1 X117.0711 Y134.3137 E0.4180
G1 Y133.7480 E0.0148
G1 X106.3230 Y123.0000 E0.3971
G1 X106.8887 E0.0148
G1 X117.0711 Y133.1823 E0.3762
G1 Y132.6166 E0.0148
G1 X107.4544 Y123.0000 E0.3553
G1 X108.0201 E0.0148
G1 X117.0711 Y132.0510 E0.3344
G1 Y131.4853 E0.0148
G1 X108.5858 Y123.0000 E0.3135
G1 X109.1515 E0.0148
G1 X117.0711 Y130.9196 E0.2926
G1 Y130.3539 E0.0148
G1 X109.7172 Y123.0000 E0.2717
G1 X110.2828 E0.0148
G1 X117.0711 Y129.7882 E0.2508
G1 Y129.2225 E0.0148
G1 X110.8485 Y123.0000 E0.2299
G1 X111.4142 E0.0148
G1 X117.0711 Y128.6568 E0.2090
G1 Y128.0912 E0.0148
G1 X111.9799 Y123.0000 E0.1881
G1 X112.5456 E0.0148
G1 X117.0711 Y127.5255 E0.1672
G1 Y126.9598 E0.0148
G1 X113.1113 Y123.0000 E0.1463
G1 X113.6770 E0.0148
G1 X117.0711 Y126.3941 E0.1254
G1 Y125.8284 E0.0148
G1 X114.2426 Y123.0000 E0.1045
G1 X114.8083 E0.0148
G1 X117.0711 Y125.2627 E0.0836
G1 Y124.6971 E0.0148
G1 X115.3740 Y123.0000 E0.0627
G1 X115.9397 E0.0148
G1 X117.0711 Y124.1314 E0.0418
G1 Y123.5657 E0.0148
G1 X116.5054 Y123.0000 E0.0209
G1 E-1.0000 F1800 ; e-retract 1
G1 Z5.0500 F12000 ; z-hop start
G1 X103.1289 Y136.9421
G1 X117.2711
G1 Y122.8000
G1 X103.1289
G1 Y136.9421
; feature shells
G1 X109.3000 Y118.8000
G1 Z4.6500 ; z-hop end
G1 E1.0000 F1800 ; e-engage 1
G4 P5
G1 Y101.2000 E0.4598 F4200
G1 X91.7000 E0.4598
G1 Y118.8000 E0.4598
G1 X109.3000 E0.4598
G1 X108.9000 Y118.4000 F12000
G1 Y101.6000 E0.4389 F7200
G1 X92.1000 E0.4389
G1 Y118.4000 E0.4389
G1 X108.9000 E0.4389
G1 X108.5000 Y118.0000 F12000
G1 Y102.0000 E0.4180 F7200
G1 X92.5000 E0.4180
G1 Y118.0000 E0.4180
G1 X108.5000 E0.4180
G1 E-1.0000 F1800 ; e-retract 1
G1 Z5.0500 F12000 ; z-hop start
; feature solid fill
G1 X108.2600 Y102.8057
G1 Z4.6500 ; z-hop end
G1 E1.0000 F1800 ; e-engage 1
G4 P5
G1 X107.6943 Y102.2400 E0.0209 F7200
G1 X107.1286 E0.0148
G1 X108.2600 Y103.3714 E0.0418
G1 Y103.9371 E0.0148
G1 X106.5629 Y102.2400 E0.0627
G1 X105.9973 E0.0148
G1 X108.2600 Y104.5027 E0.0836
G1 Y105.0684 E0.0148
G1 X105.4316 Y102.2400 E0.1045
G1 X104.8659 E0.0148
G1 X108.2600 Y105.6341 E0.1254
G1 Y106.1998 E0.0148
G1 X104.3002 Y102.2400 E0.1463
G1 X103.7345 E0.0148
G1 X108.2600 Y106.7655 E0.1672
G1 Y107.3312 E0.0148
G1 X103.1688 Y102.2400 E0.1881
G1 X102.6031 E0.0148
G1 X108.2600 Y107.8969 E0.2090
G1 Y108.4625 E0.0148
G1 X102.0375 Y102.2400 E0.2299
G1 X101.4718 E0.0148
G1 X108.2600 Y109.0282 E0.2508
G1 Y109.5939 E0.0148
G1 X100.9061 Y102.2400 E0.2717
G1 X100.3404 E0.0148
G1 X108.2600 Y110.1596 E0.2926
G1 Y110.7253 E0.0148
G1 X99.7747 Y102.2400 E0.3135
G1 X99.2090 E0.0148
G1 X108.2600 Y111.2910 E0.3344
G1 Y111.8567 E0.0148
G1 X98.6433 Y102.2400 E0.3553
G1 X98.0777 E0.0148
G1 X108.2600 Y112.4223 E0.3762
G1 Y112.9880 E0.0148
G1 X97.5120 Y102.2400 E0.3971
G1 X96.9463 E0.0148
G1 X108.2600 Y113.5537 E0.4180
G1 Y114.1194 E0.0148
G1 X96.3806 Y102.2400 E0.4389
G1 X95.8149 E0.0148
G1 X108.2600 Y114.6851 E0.4598
G1 Y115.2508 E0.0148
G1 X95.2492 Y102.2400 E0.4807
G1 X94.6835 E0.0148
G1 X108.2600 Y115.8165 E0.5016
G1 Y116.3821 E0.0148
G1 X94.1179 Y102.2400 E0.5224
G1 X93.5522 E0.0148
G1 X108.2600 Y116.9478 E0.5433
G1 Y117.5135 E0.0148
G1 X92.9865 Y102.2400 E0.5642
G1 X92.7400 Y102.5592 E0.0105
G1 X107.9408 Y117.7600 E0.5616
G1 X107.3751 E0.0148
G1 X92.7400 Y103.1249 E0.5407
G1 Y103.6906 E0.0148
G1 X106.8094 Y117.7600 E0.5198
G1 X106.2437 E0.0148
G1 X92.7400 Y104.2562 E0.4989
G1 Y104.8219 E0.0148
G1 X105.6781 Y117.7600 E0.4780
G1 X105.1124 E0.0148
G1 X92.7400 Y105.3876 E0.4571
G1 Y105.9533 E0.0148
G1 X104.5467 Y117.7600 E0.4362
G1 X103.9810 E0.0148
G1 X92.7400 Y106.5190 E0.4153
G1 Y107.0847 E0.0148
G1 X103.4153 Y117.7600 E0.3944
G1 X102.8496 E0.0148
G1 X92.7400 Y107.6504 E0.3735
G1 Y108.2160 E0.0148
G1 X102.2839 Y117.7600 E0.3526
G1 X101.7183 E0.0148
G1 X92.7400 Y108.7817 E0.3317
G1 Y109.3474 E0.0148
G1 X101.1526 Y117.7600 E0.3108
G1 X100.5869 E0.0148
G1 X92.7400 Y109.9131 E0.2899
G1 Y110.4788 E0.0148
G1 X100.0212 Y117.7600 E0.2690
G1 X99.4555 E0.0148
G1 X92.7400 Y111.0445 E0.2481
G1 Y111.6102 E0.0148
G1 X98.8898 Y117.7600 E0.2272
G1 X98.3242 E0.0148
G1 X92.7400 Y112.1758 E0.2063
G1 Y112.7415 E0.0148
G1 X97.7585 Y117.7600 E0.1854
G1 X97.1928 E0.0148
G1 X92.7400 Y113.3072 E0.1645
G1 Y113.8729 E0.0148
G1 X96.6271 Y117.7600 E0.1436
G1 X96.0614 E0.0148
G1 X92.7400 Y114.4386 E0.1227
G1 Y115.0043 E0.0148
G1 X95.4957 Y117.7600 E0.1018
G1 X94.9300 E0.0148
G1 X92.7400 Y115.5700 E0.0809
G1 Y116.1356 E0.0148
G1 X94.3644 Y117.7600 E0.0600
G1 X93.7987 E0.0148
G1 X92.7400 Y116.7013 E0.0391
G1 X92.9865 Y117.5135 E0.0222
G1 E-1.0000 F1800 ; e-retract 1
G1 Z5.0500 F12000 ; z-hop start
;LAYER_CHANGE 23 of 24
SET_VELOCITY_LIMIT ACCEL=10000
G1 Z4.8500
; feature shells
G1 X91.7000 Y118.8000
G1 E1.0000 F1800 ; e-engage 1
G4 P5
G1 X109.3000 E0.4598 F4200
G1 Y101.2000 E0.4598
G1 X91.7000 E0.4598
G1 Y118.8000 E0.4598
G1 X92.1000 Y118.4000 F12000
G1 X108.9000 E0.4389 F7200
G1 Y101.6000 E0.4389
G1 X92.1000 E0.4389
G1 Y118.4000 E0.4389
G1 X92.5000 Y118.0000 F12000
G1 X108.5000 E0.4180 F7200
G1 Y102.0000 E0.4180
G1 X92.5000 E0.4180
G1 Y118.0000 E0.4180
G1 E-1.0000 F1800 ; e-retract 1
G1 Z5.2500 F12000 ; z-hop start
; feature solid fill
G1 X93.3057 Y102.2400
G1 Z4.8500 ; z-hop end
G1 E1.0000 F1800 ; e-engage 1
G4 P5
G1 X92.7400 Y102.8057 E0.0209 F7200
G1 Y103.3714 E0.0148
G1 X93.8714 Y102.2400 E0.0418
G1 X94.4371 E0.0148
G1 X92.7400 Y103.9371 E0.0627
G1 Y104.5027 E0.0148
G1 X95.0027 Y102.2400 E0.0836
G1 X95.5684 E0.0148
G1 X92.7400 Y105.0684 E0.1045
G1 Y105.6341 E0.0148
G1 X96.1341 Y102.2400 E0.1254
G1 X96.6998 E0.0148
G1 X92.7400 Y106.1998 E0.1463
G1 Y106.7655 E0.0148
G1 X97.2655 Y102.2400 E0.1672
G1 X97.8312 E0.0148
G1 X92.7400 Y107.3312 E0.1881
G1 Y107.8969 E0.0148
G1 X98.3969 Y102.2400 E0.2090
G1 X98.9625 E0.0148
G1 X92.7400 Y108.4625 E0.2299
G1 Y109.0282 E0.0148
G1 X99.5282 Y102.2400 E0.2508
G1 X100.0939 E0.0148
G1 X92.7400 Y109.5939 E0.2717
G1 Y110.1596 E0.0148
G1 X100.6596 Y102.2400 E0.2926
G1 X101.2253 E0.0148
G1 X92.7400 Y110.7253 E0.3135
G1 Y111.2910 E0.0148
G1 X101.7910 Y102.2400 E0.3344
G1 X102.3567 E0.0148
G1 X92.7400 Y111.8567 E0.3553
G1 Y112.4223 E0.0148
G1 X102.9223 Y102.2400 E0.3762
G1 X103.4880 E0.0148
G1 X92.7400 Y112.9880 E0.3971
G1 Y113.5537 E0.0148
G1 X104.0537 Y102.2400 E0.4180
G1 X104.6194 E0.0148
G1 X92.7400 Y114.1194 E0.4389
G1 Y114.6851 E0.0148
G1 X105.1851 Y102.2400 E0.4598
G1 X105.7508 E0.0148
G1 X92.7400 Y115.2508 E0.4807
G1 Y115.8165 E0.0148
G1 X106.3165 Y102.2400 E0.5016
G1 X106.8821 E0.0148
G1 X92.7400 Y116.3821 E0.5224
G1 Y116.9478 E0.0148
G1 X107.4478 Y102.2400 E0.5433
G1 X108.0135 E0.0148
G1 X92.7400 Y117.5135 E0.5642
G1 X93.0592 Y117.7600 E0.0105
G1 X108.2600 Y102.5592 E0.5616
G1 Y103.1249 E0.0148
G1 X93.6249 Y117.7600 E0.5407
G1 X94.1906 E0.0148
G1 X108.2600 Y103.6906 E0.5198
G1 Y104.2562 E0.0148
G1 X94.7563 Y117.7600 E0.4989
G1 X95.3219 E0.0148
G1 X108.2600 Y104.8219 E0.4780
G1 Y105.3876 E0.0148
G1 X95.8876 Y117.7600 E0.4571
G1 X96.4533 E0.0148
G1 X108.2600 Y105.9533 E0.4362
G1 Y106.5190 E0.0148
G1 X97.0190 Y117.7600 E0.4153
G1 X97.5847 E0.0148
G1 X108.2600 Y107.0847 E0.3944
G1 Y107.6504 E0.0148
G1 X98.1504 Y117.7600 E0.3735
G1 X98.7161 E0.0148
G1 X108.2600 Y108.2160 E0.3526
G1 Y108.7817 E0.0148
G1 X99.2817 Y117.7600 E0.3317
G1 X99.8474 E0.0148
G1 X108.2600 Y109.3474 E0.3108
G1 Y109.9131 E0.0148
G1 X100.4131 Y117.7600 E0.2899
G1 X100.9788 E0.0148
G1 X108.2600 Y110.4788 E0.2690
G1 Y111.0445 E0.0148
G1 X101.5445 Y117.7600 E0.2481
G1 X102.1102 E0.0148
G1 X108.2600 Y111.6102 E0.2272
G1 Y112.1758 E0.0148
G1 X102.6758 Y117.7600 E0.2063
G1 X103.2415 E0.0148
G1 X108.2600 Y112.7415 E0.1854
G1 Y113.3072 E0.0148
G1 X103.8072 Y117.7600 E0.1645
G1 X104.3729 E0.0148
G1 X108.2600 Y113.8729 E0.1436
G1 Y114.4386 E0.0148
G1 X104.9386 Y117.7600 E0.1227
G1 X105.5043 E0.0148
G1 X108.2600 Y115.0043 E0.1018
G1 Y115.5700 E0.0148
G1 X106.0700 Y117.7600 E0.0809
G1 X106.6356 E0.0148
G1 X108.2600 Y116.1356 E0.0600
G1 Y116.7013 E0.0148
G1 X107.2013 Y117.7600 E0.0391
G1 X108.0135 Y117.5135 E0.0222
G1 E-1.0000 F1800 ; e-retract 1
G1 Z5.2500 F12000 ; z-hop start
; feature purge tower
; CP TOOLCHANGE UNLOAD
G1 E-5 F2700 ; unload
; CP TOOLCHANGE START -> T0
M104 S220
T0
; filament start gcode
SET_PRESSURE_ADVANCE ADVANCE=0.025
G1 E5 F2700 ; load
G92 E0
G1 X103.1289 Y136.9421
G1 Z4.8500 ; z-hop end
G1 E1.0000 F1800 ; e-engage 1
G4 P5
G1 X117.2711 E0.3694 F7200
G1 Y122.8000 E0.3694
G1 X103.1289 E0.3694
G1 Y136.9421 E0.3694
G1 X103.3289 Y136.4108 F12000
G1 X103.6603 Y136.7421 E0.0122 F7200
G1 X104.2260 E0.0148
G1 X103.3289 Y135.8451 E0.0331
G1 Y135.2794 E0.0148
G1 X104.7917 Y136.7421 E0.0540
G1 X105.3574 E0.0148
G1 X103.3289 Y134.7137 E0.0749
G1 Y134.1480 E0.0148
G1 X105.9230 Y136.7421 E0.0958
G1 X106.4887 E0.0148
G1 X103.3289 Y133.5823 E0.1167
G1 Y133.0166 E0.0148
G1 X107.0544 Y136.7421 E0.1376
G1 X107.6201 E0.0148
G1 X103.3289 Y132.4510 E0.1585
G1 Y131.8853 E0.0148
G1 X108.1858 Y136.7421 E0.1794
G1 X108.7515 E0.0148
G1 X103.3289 Y131.3196 E0.2003
G1 Y130.7539 E0.0148
G1 X109.3172 Y136.7421 E0.2212
G1 X109.8828 E0.0148
G1 X103.3289 Y130.1882 E0.2421
G1 Y129.6225 E0.0148
G1 X110.4485 Y136.7421 E0.2630
G1 X111.0142 E0.0148
G1 X103.3289 Y129.0568 E0.2839
G1 Y128.4912 E0.0148
G1 X111.5799 Y136.7421 E0.3048
G1 X112.1456 E0.0148
G1 X103.3289 Y127.9255 E0.3257
G1 Y127.3598 E0.0148
G1 X112.7113 Y136.7421 E0.3466
G1 X113.2770 E0.0148
G1 X103.3289 Y126.7941 E0.3675
G1 Y126.2284 E0.0148
G1 X113.8426 Y136.7421 E0.3884
G1 X114.4083 E0.0148
G1 X103.3289 Y125.6627 E0.4093
G1 Y125.0971 E0.0148
G1 X114.9740 Y136.7421 E0.4302
G1 X115.5397 E0.0148
G1 X103.3289 Y124.5314 E0.4511
G1 Y123.9657 E0.0148
G1 X116.1054 Y136.7421 E0.4720
G1 X116.6711 E0.0148
G1 X103.3289 Y123.4000 E0.4929
G1 X103.4946 Y123.0000 E0.0113
G1 X117.0711 Y136.5764 E0.5016
G1 Y136.0108 E0.0148
G1 X104.0603 Y123.0000 E0.4807
G1 X104.6260 E0.0148
G1 X117.0711 Y135.4451 E0.4598
G1 Y134.8794 E0.0148
G1 X105.1917 Y123.0000 E0.4389
G1 X105.7574 E0.0148
G1 X117.0711 Y134.3137 E0.4180
G1 Y133.7480 E0.0148
G1 X106.3230 Y123.0000 E0.3971
G1 X106.8887 E0.0148
G1 X117.0711 Y133.1823 E0.3762
G1 Y132.6166 E0.0148
G1 X107.4544 Y123.0000 E0.3553
G1 X108.0201 E0.0148
G1 X117.0711 Y132.0510 E0.3344
G1 Y131.4853 E0.0148
G1 X108.5858 Y123.0000 E0.3135
G1 X109.1515 E0.0148
G1 X117.0711 Y130.9196 E0.2926
G1 Y130.3539 E0.0148
G1 X109.7172 Y123.0000 E0.2717
G1 X110.2828 E0.0148
G1 X117.0711 Y129.7882 E0.2508
G1 Y129.2225 E0.0148
G1 X110.8485 Y123.0000 E0.2299
G1 X111.4142 E0.0148
G1 X117.0711 Y128.6568 E0.2090
G1 Y128.0912 E0.0148
G1 X111.9799 Y123.0000 E0.1881
G1 X112.5456 E0.0148
G1 X117.0711 Y127.5255 E0.1672
G1 Y126.9598 E0.0148
G1 X113.1113 Y123.0000 E0.1463
G1 X113.6770 E0.0148
G1 X117.0711 Y126.3941 E0.1254
G1 Y125.8284 E0.0148
G1 X114.2426 Y123.0000 E0.1045
G1 X114.8083 E0.0148
G1 X117.0711 Y125.2627 E0.0836
G1 Y124.6971 E0.0148
G1 X115.3740 Y123.0000 E0.0627
G1 X115.9397 E0.0148
G1 X117.0711 Y124.1314 E0.0418
G1 Y123.5657 E0.0148
G1 X116.5054 Y123.0000 E0.0209
G1 E-1.0000 F1800 ; e-retract 1
G1 Z5.2500 F12000 ; z-hop start
G1 X103.1289 Y136.9421
G1 X117.2711
G1 Y122.8000
G1 X103.1289
G1 Y136.9421
; feature shells
G1 X110.7000 Y118.8000
G1 Z4.8500 ; z-hop end
G1 E1.0000 F1800 ; e-engage 1
G4 P5
G1 X128.3000 E0.4598 F4200
G1 Y101.2000 E0.4598
G1 X110.7000 E0.4598
G1 Y118.8000 E0.4598
G1 X111.1000 Y118.4000 F12000
G1 X127.9000 E0.4389 F7200
G1 Y101.6000 E0.4389
G1 X111.1000 E0.4389
G1 Y118.4000 E0.4389
G1 X111.5000 Y118.0000 F12000
G1 X127.5000 E0.4180 F7200
G1 Y102.0000 E0.4180
G1 X111.5000 E0.4180
G1 Y118.0000 E0.4180
G1 E-1.0000 F1800 ; e-retract 1
G1 Z5.2500 F12000 ; z-hop start
; feature solid fill
G1 X112.3057 Y102.2400
G1 Z4.8500 ; z-hop end
G1 E1.0000 F1800 ; e-engage 1
G4 P5
G1 X111.7400 Y102.8057 E0.0209 F7200
G1 Y103.3714 E0.0148
G1 X112.8714 Y102.2400 E0.0418
G1 X113.4371 E0.0148
G1 X111.7400 Y103.9371 E0.0627
G1 Y104.5027 E0.0148
G1 X114.0027 Y102.2400 E0.0836
G1 X114.5684 E0.0148
G1 X111.7400 Y105.0684 E0.1045
G1 Y105.6341 E0.0148
G1 X115.1341 Y102.2400 E0.1254
G1 X115.6998 E0.0148
G1 X111.7400 Y106.1998 E0.1463
G1 Y106.7655 E0.0148
G1 X116.2655 Y102.2400 E0.1672
G1 X116.8312 E0.0148
G1 X111.7400 Y107.3312 E0.1881
G1 Y107.8969 E0.0148
G1 X117.3969 Y102.2400 E0.2090
G1 X117.9625 E0.0148
G1 X111.7400 Y108.4625 E0.2299
G1 Y109.0282 E0.0148
G1 X118.5282 Y102.2400 E0.2508
G1 X119.0939 E0.0148
G1 X111.7400 Y109.5939 E0.2717
G1 Y110.1596 E0.0148
G1 X119.6596 Y102.2400 E0.2926
G1 X120.2253 E0.0148
G1 X111.7400 Y110.7253 E0.3135
G1 Y111.2910 E0.0148
G1 X120.7910 Y102.2400 E0.3344
G1 X121.3567 E0.0148
G1 X111.7400 Y111.8567 E0.3553
G1 Y112.4223 E0.0148
G1 X121.9223 Y102.2400 E0.3762
G1 X122.4880 E0.0148
G1 X111.7400 Y112.9880 E0.3971
G1 Y113.5537 E0.0148
G1 X123.0537 Y102.2400 E0.4180
G1 X123.6194 E0.0148
G1 X111.7400 Y114.1194 E0.4389
G1 Y114.6851 E0.0148
G1 X124.1851 Y102.2400 E0.4598
G1 X124.7508 E0.0148
G1 X111.7400 Y115.2508 E0.4807
G1 Y115.8165 E0.0148
G1 X125.3165 Y102.2400 E0.5016
G1 X125.8821 E0.0148
G1 X111.7400 Y116.3821 E0.5224
G1 Y116.9478 E0.0148
G1 X126.4478 Y102.2400 E0.5433
G1 X127.0135 E0.0148
G1 X111.7400 Y117.5135 E0.5642
G1 X112.0592 Y117.7600 E0.0105
G1 X127.2600 Y102.5592 E0.5616
G1 Y103.1249 E0.0148
G1 X112.6249 Y117.7600 E0.5407
G1 X113.1906 E0.0148
G1 X127.2600 Y103.6906 E0.5198
G1 Y104.2562 E0.0148
G1 X113.7563 Y117.7600 E0.4989
G1 X114.3219 E0.0148
G1 X127.2600 Y104.8219 E0.4780
G1 Y105.3876 E0.0148
G1 X114.8876 Y117.7600 E0.4571
G1 X115.4533 E0.0148
G1 X127.2600 Y105.9533 E0.4362
G1 Y106.5190 E0.0148
G1 X116.0190 Y117.7600 E0.4153
G1 X116.5847 E0.0148
G1 X127.2600 Y107.0847 E0.3944
G1 Y107.6504 E0.0148
G1 X117.1504 Y117.7600 E0.3735
G1 X117.7161 E0.0148
G1 X127.2600 Y108.2160 E0.3526
G1 Y108.7817 E0.0148
G1 X118.2817 Y117.7600 E0.3317
G1 X118.8474 E0.0148
G1 X127.2600 Y109.3474 E0.3108
G1 Y109.9131 E0.0148
G1 X119.4131 Y117.7600 E0.2899
G1 X119.9788 E0.0148
G1 X127.2600 Y110.4788 E0.2690
G1 Y111.0445 E0.0148
G1 X120.5445 Y117.7600 E0.2481
G1 X121.1102 E0.0148
G1 X127.2600 Y111.6102 E0.2272
G1 Y112.1758 E0.0148
G1 X121.6758 Y117.7600 E0.2063
G1 X122.2415 E0.0148
G1 X127.2600 Y112.7415 E0.1854
G1 Y113.3072 E0.0148
G1 X122.8072 Y117.7600 E0.1645
G1 X123.3729 E0.0148
G1 X127.2600 Y113.8729 E0.1436
G1 Y114.4386 E0.0148
G1 X123.9386 Y117.7600 E0.1227
G1 X124.5043 E0.0148
G1 X127.2600 Y115.0043 E0.1018
G1 Y115.5700 E0.0148
G1 X125.0700 Y117.7600 E0.0809
G1 X125.6356 E0.0148
G1 X127.2600 Y116.1356 E0.0600
G1 Y116.7013 E0.0148
G1 X126.2013 Y117.7600 E0.0391
G1 X127.0135 Y117.5135 E0.0222
G1 E-1.0000 F1800 ; e-retract 1
G1 Z5.2500 F12000 ; z-hop start
; --- shutdown ---
M107
G1 E-2 F2700
M106 S0
M106 P2 S0
;TYPE:Custom
; filament end gcode
G1 E-3 F3600
G0 X50 Y50 F30000
M104 S0 ; turn off temperature
M140 S0
M73 P100 R0
; EXECUTABLE_BLOCK_END
; --- filament used: 789.63 mm ---
; --- print time: 624s ---